sub_field_name,sub_field_id,topic_name,topic_id,1970,1971,1972,1973,1974,1975,1976,1977,1978,1979,1980,1981,1982,1983,1984,1985,1986,1987,1988,1989,1990,1991,1992,1993,1994,1995,1996,1997,1998,1999,2000,2001,2002,2003,2004,2005,2006,2007,2008,2009,2010,2011,2012,2013,2014,2015,2016,2017,2018,2019,2020,2021,2022,2023,2024
Artificial Intelligence,https://openalex.org/subfields/1702,Advanced Clustering Algorithms Research,https://openalex.org/T10637,16,18,23,27,21,31,22,19,28,25,29,35,29,42,32,32,32,42,39,43,47,51,45,65,50,52,78,65,97,107,107,118,291,238,338,381,471,510,600,653,712,719,830,812,882,790,896,930,937,969,860,808,710,665,757
Artificial Intelligence,https://openalex.org/subfields/1702,Advanced Computational Techniques and Applications,https://openalex.org/T13734,122,116,120,108,134,134,117,133,137,140,174,173,168,178,234,248,274,300,348,374,425,435,406,487,523,515,564,677,684,1440,3319,4957,6609,8228,9635,10961,12276,13028,12851,13149,12727,10837,8830,7275,5093,3407,1825,1492,1540,1423,1170,867,727,793,1666
Artificial Intelligence,https://openalex.org/subfields/1702,Advanced Graph Neural Networks,https://openalex.org/T11273,0,2,1,0,1,0,1,0,0,0,0,3,2,0,1,1,2,1,2,2,2,3,3,4,6,5,3,3,2,3,3,6,7,9,4,8,22,18,21,36,34,39,63,83,118,160,244,360,618,961,1384,1951,2168,2490,2356
Artificial Intelligence,https://openalex.org/subfields/1702,Advanced Software Engineering Methodologies,https://openalex.org/T10639,17,10,11,27,11,29,59,50,67,54,75,87,100,100,93,133,106,129,184,182,154,198,215,193,190,275,322,300,369,472,541,616,1848,1435,1498,1648,1731,1689,1778,1557,1655,1544,1561,1399,1259,1307,1045,828,790,693,531,500,405,336,303
Artificial Intelligence,https://openalex.org/subfields/1702,Advanced Technologies in Various Fields,https://openalex.org/T14413,3,2,0,0,0,0,0,1,0,2,1,2,2,1,1,0,2,7,1,3,1,4,0,3,1,0,3,1,3,4,8,19,18,24,17,40,39,59,66,80,107,126,156,204,168,155,113,220,252,346,605,952,1238,1225,816
Artificial Intelligence,https://openalex.org/subfields/1702,Advanced Text Analysis Techniques,https://openalex.org/T13083,101,81,73,82,85,93,63,74,59,90,87,75,90,107,97,94,93,94,99,120,126,119,122,135,131,135,150,163,163,189,207,243,420,415,422,460,610,658,758,876,912,956,1001,1183,1195,1198,1274,1279,1321,1378,1307,1142,931,988,1542
Artificial Intelligence,https://openalex.org/subfields/1702,Adversarial Robustness in Machine Learning,https://openalex.org/T11689,2,3,1,1,2,3,2,0,5,1,5,1,5,3,4,7,3,0,3,3,0,5,12,6,5,6,5,6,8,11,19,12,13,12,23,15,17,23,22,15,32,41,29,42,54,54,130,255,706,1288,1793,2478,2294,2903,2727
Artificial Intelligence,https://openalex.org/subfields/1702,AI and Multimedia in Education,https://openalex.org/T13567,1,0,0,0,0,0,1,1,0,0,0,0,0,0,1,0,0,0,1,0,0,2,0,0,0,2,0,0,2,0,1,2,10,6,7,8,5,7,9,16,15,30,26,45,38,27,19,21,47,81,232,336,439,235,137
Artificial Intelligence,https://openalex.org/subfields/1702,AI in cancer detection,https://openalex.org/T10862,30,36,21,32,23,28,38,38,40,44,35,54,70,65,45,55,65,74,84,93,100,92,173,185,136,184,250,240,247,273,281,262,444,377,411,547,589,572,657,657,815,817,916,934,962,1069,1225,1327,1715,2228,2563,2983,3416,4133,4942
Artificial Intelligence,https://openalex.org/subfields/1702,AI in Service Interactions,https://openalex.org/T12128,15,16,24,40,29,34,27,28,20,19,20,27,21,34,50,36,40,37,36,20,28,16,20,12,24,9,21,26,18,21,25,42,49,53,58,54,51,65,72,78,107,93,112,110,135,101,167,270,574,791,1126,1195,1489,2070,3498
Artificial Intelligence,https://openalex.org/subfields/1702,AI-based Problem Solving and Planning,https://openalex.org/T10906,47,38,24,53,43,64,40,95,54,73,88,81,93,189,232,318,450,599,653,679,715,728,765,743,751,607,634,561,550,523,448,408,1308,884,564,850,685,681,630,646,659,640,560,603,577,567,504,479,451,459,410,481,260,272,410
Artificial Intelligence,https://openalex.org/subfields/1702,Algorithms and Data Compression,https://openalex.org/T11269,130,128,164,156,156,187,159,174,195,195,223,253,282,293,285,305,366,389,398,436,432,493,587,583,639,585,631,592,614,640,653,700,1958,1263,1127,1281,1328,1276,1231,1279,1393,1304,1314,1463,1311,1206,1198,1170,1108,1028,861,735,583,576,757
Artificial Intelligence,https://openalex.org/subfields/1702,Anomaly Detection Techniques and Applications,https://openalex.org/T11512,18,20,22,19,10,25,18,20,19,19,25,33,15,25,25,35,25,45,39,45,37,55,63,74,57,61,71,86,74,92,103,110,204,216,292,355,452,479,658,695,788,871,874,1040,1094,1219,1435,1646,2085,2621,2900,3415,3558,4324,6217
Artificial Intelligence,https://openalex.org/subfields/1702,Artificial Intelligence Applications,https://openalex.org/T13904,3,1,5,0,0,0,3,3,2,2,0,1,3,3,0,2,1,2,1,5,2,3,2,4,2,0,4,6,5,50,6,16,19,39,29,40,38,54,41,38,47,55,55,34,38,49,42,37,41,80,97,154,154,179,147
Artificial Intelligence,https://openalex.org/subfields/1702,Artificial Intelligence in Games,https://openalex.org/T11574,39,40,62,58,64,52,63,56,70,69,52,69,99,91,84,99,98,105,114,123,124,113,127,127,123,103,182,131,135,128,179,202,325,310,307,396,427,505,488,601,705,690,738,663,774,737,664,705,805,803,847,1036,576,558,622
Artificial Intelligence,https://openalex.org/subfields/1702,Authorship Attribution and Profiling,https://openalex.org/T12380,8,5,16,6,8,12,9,12,10,12,13,15,13,12,6,14,25,15,12,17,12,17,23,27,29,18,32,39,40,30,45,37,53,79,90,94,103,150,146,155,172,213,301,339,347,347,430,416,422,431,433,392,311,283,318
Artificial Intelligence,https://openalex.org/subfields/1702,Bayesian Methods and Mixture Models,https://openalex.org/T11901,110,119,136,168,158,172,152,147,195,194,192,194,204,225,196,218,270,237,236,250,241,284,290,297,309,295,384,366,355,436,417,414,599,583,596,697,739,811,873,881,940,959,1017,1089,1085,1005,1072,985,841,983,887,973,694,662,724
Artificial Intelligence,https://openalex.org/subfields/1702,Bayesian Modeling and Causal Inference,https://openalex.org/T11303,66,64,74,71,78,70,85,81,90,78,86,94,104,124,105,113,149,177,203,167,251,230,243,270,291,324,344,351,349,424,412,421,762,653,648,794,829,871,846,875,986,948,892,962,974,889,914,814,849,859,814,844,567,598,617
Artificial Intelligence,https://openalex.org/subfields/1702,Coding theory and cryptography,https://openalex.org/T11130,134,133,155,129,131,156,164,140,185,133,178,152,177,221,225,214,226,240,288,278,367,342,449,436,468,504,503,494,545,588,548,689,1561,1076,951,1266,1132,1224,1231,1188,1361,1411,1389,1463,1398,1418,1403,1420,1409,1415,1416,1365,1305,1304,1218
Artificial Intelligence,https://openalex.org/subfields/1702,Cognitive Computing and Networks,https://openalex.org/T13062,13,17,17,21,19,12,17,12,26,14,14,21,24,26,31,33,36,39,38,47,50,45,61,60,48,63,58,57,72,77,93,108,171,168,237,264,334,317,372,416,440,469,392,375,367,340,324,304,297,291,279,216,209,224,401
Artificial Intelligence,https://openalex.org/subfields/1702,Cognitive Science and Mapping,https://openalex.org/T12805,61,50,74,69,97,99,96,73,111,104,109,134,120,103,118,131,157,200,183,207,217,222,222,225,259,247,280,259,291,295,303,304,447,407,411,434,480,509,558,676,658,768,769,825,858,849,801,805,955,958,905,732,642,669,810
Artificial Intelligence,https://openalex.org/subfields/1702,Computational Physics and Python Applications,https://openalex.org/T13650,148,136,145,129,131,162,131,175,140,136,162,142,160,183,183,203,231,258,254,286,297,277,279,291,310,356,353,360,364,386,398,473,514,507,510,588,589,614,636,681,703,778,850,777,881,978,1035,1001,1152,1253,1204,1060,685,793,1081
Artificial Intelligence,https://openalex.org/subfields/1702,Computer Science and Engineering,https://openalex.org/T13674,14,18,20,8,13,36,12,7,6,11,9,17,15,22,20,25,21,33,26,30,35,29,33,47,34,38,45,43,39,75,85,97,138,137,190,225,385,434,591,745,1089,1117,1239,1579,1543,2013,2182,2533,2521,2674,2515,1865,1628,2085,2793
Artificial Intelligence,https://openalex.org/subfields/1702,Cryptographic Implementations and Security,https://openalex.org/T10951,5,4,4,4,3,3,7,3,8,9,9,17,12,23,14,6,16,26,18,24,24,29,29,41,41,39,50,59,69,93,129,98,235,249,279,397,444,494,574,653,720,763,909,814,886,880,964,934,985,1016,928,955,927,977,819
Artificial Intelligence,https://openalex.org/subfields/1702,Cryptography and Data Security,https://openalex.org/T10237,3,7,2,4,11,2,5,6,10,10,9,13,27,28,24,42,33,56,53,57,74,73,88,107,119,119,141,132,161,191,208,217,515,511,707,821,1056,1238,1295,1473,1508,1613,1666,1997,2026,2125,2112,2019,2092,2219,2067,2084,1950,2198,1880
Artificial Intelligence,https://openalex.org/subfields/1702,Data Analysis with R,https://openalex.org/T13398,5,10,12,7,14,11,13,9,12,9,15,25,15,22,18,14,22,30,31,28,29,21,25,32,26,32,19,25,23,40,35,39,44,58,52,56,75,86,97,117,140,166,159,175,217,292,319,414,406,509,1052,1080,151,148,145
Artificial Intelligence,https://openalex.org/subfields/1702,Data Stream Mining Techniques,https://openalex.org/T12761,6,3,2,3,3,2,4,2,2,5,5,3,5,4,3,6,3,9,8,8,8,11,5,5,12,15,18,16,22,21,29,32,70,83,99,146,185,229,211,229,287,320,315,429,455,484,576,645,663,790,807,828,739,819,828
Artificial Intelligence,https://openalex.org/subfields/1702,Diverse Interdisciplinary Research Studies,https://openalex.org/T13898,12,8,10,12,14,11,10,10,12,12,8,7,7,11,4,3,8,14,13,10,16,11,11,12,5,14,11,13,19,18,15,10,22,25,14,29,36,33,29,29,38,35,36,39,50,35,35,34,68,60,33,16,24,16,23
Artificial Intelligence,https://openalex.org/subfields/1702,Domain Adaptation and Few-Shot Learning,https://openalex.org/T11307,0,2,1,1,2,0,3,0,0,0,1,1,0,1,1,1,1,4,0,4,5,4,7,3,4,5,6,7,4,9,11,11,12,10,15,16,17,48,41,88,86,129,141,183,205,271,350,435,706,1188,1507,2490,2448,3101,2112
Artificial Intelligence,https://openalex.org/subfields/1702,Edcuational Technology Systems,https://openalex.org/T13559,57,4,1,1,3,2,2,4,4,2,4,7,5,12,10,8,9,11,11,9,9,20,16,19,23,22,23,26,16,20,38,62,85,86,123,154,195,273,486,531,838,966,1433,1714,2099,2926,3470,4076,4586,5413,5713,5791,5034,5938,4956
Artificial Intelligence,https://openalex.org/subfields/1702,Educational Robotics and Engineering,https://openalex.org/T14335,106,91,120,99,84,82,93,97,98,93,101,96,110,121,110,129,122,169,138,156,178,157,178,197,195,217,218,238,258,262,315,431,426,502,543,599,741,791,806,873,951,994,997,1084,1020,1032,848,777,745,796,701,516,423,373,378
Artificial Intelligence,https://openalex.org/subfields/1702,Educational Technology and Pedagogy,https://openalex.org/T12260,4,4,4,6,2,1,2,3,3,8,3,3,4,2,2,4,9,8,5,9,12,13,16,10,9,14,16,24,16,123,449,972,1166,1258,1345,1513,1553,1588,1699,1747,1881,1888,1458,1299,1016,853,507,526,641,900,1541,1884,1780,2186,2580
Artificial Intelligence,https://openalex.org/subfields/1702,Evolutionary Algorithms and Applications,https://openalex.org/T11975,57,60,52,41,53,51,45,47,36,50,65,58,61,59,74,69,93,125,122,116,159,162,196,193,245,305,361,372,410,546,511,563,1356,1017,906,1136,1235,1206,1146,1116,1104,1085,1057,1061,1008,1002,873,901,922,905,823,771,686,673,821
Artificial Intelligence,https://openalex.org/subfields/1702,Experience-Based Knowledge Management,https://openalex.org/T13514,2,2,2,3,2,1,1,3,3,0,2,1,7,2,1,6,3,6,2,2,7,6,5,8,10,7,11,2,7,11,5,9,14,13,9,15,19,20,23,27,53,53,65,66,95,55,45,45,40,40,41,25,12,11,15
Artificial Intelligence,https://openalex.org/subfields/1702,Explainable Artificial Intelligence (XAI),https://openalex.org/T12026,1,1,2,2,4,2,2,0,2,2,2,3,3,2,7,4,11,10,11,11,11,12,5,16,12,4,7,9,7,9,7,10,5,8,8,17,17,9,17,16,23,10,17,23,34,43,62,99,262,521,766,1073,1112,1409,1651
Artificial Intelligence,https://openalex.org/subfields/1702,Fuzzy Logic and Control Systems,https://openalex.org/T10820,63,47,33,32,42,40,54,80,50,52,74,67,73,98,96,104,117,127,184,202,281,354,454,611,714,675,716,721,800,944,771,798,3502,1472,1110,1469,1348,1310,1357,1287,1407,1414,1324,1347,1227,1192,1113,1065,986,1007,892,738,608,664,935
Artificial Intelligence,https://openalex.org/subfields/1702,Gaussian Processes and Bayesian Inference,https://openalex.org/T12814,3,10,13,17,6,13,9,9,11,9,7,6,7,5,9,11,13,15,14,13,12,12,17,20,15,20,22,16,33,47,59,49,64,80,77,117,125,167,181,199,221,226,276,323,335,359,370,438,474,515,538,555,361,360,406
Artificial Intelligence,https://openalex.org/subfields/1702,Geochemistry and Geologic Mapping,https://openalex.org/T12157,649,604,751,825,891,795,876,938,971,1014,1004,1067,1134,1292,1294,1176,1258,1295,1240,1263,1378,1300,1235,1411,1323,1457,1489,1480,1386,1467,1640,1877,1884,2211,2169,2305,2425,2478,2702,2976,3297,3115,3461,3401,3947,3707,3886,3743,3921,4465,3873,3566,3154,3199,3534
Artificial Intelligence,https://openalex.org/subfields/1702,Hate Speech and Cyberbullying Detection,https://openalex.org/T12262,20,23,16,22,19,26,23,22,35,21,20,21,16,22,25,22,30,40,41,39,38,54,57,56,60,68,78,68,66,53,92,120,133,106,134,139,184,212,237,243,316,310,433,471,544,615,814,904,1212,1526,1835,1919,1711,2172,2153
Artificial Intelligence,https://openalex.org/subfields/1702,Imbalanced Data Classification Techniques,https://openalex.org/T11652,4,3,5,4,6,6,4,10,5,8,8,10,6,4,11,5,10,9,12,11,13,9,19,18,22,37,22,40,35,44,50,49,105,103,108,146,188,209,262,261,320,355,435,450,523,570,597,617,831,1060,1222,1397,1433,1682,2133
Artificial Intelligence,https://openalex.org/subfields/1702,Intelligent Tutoring Systems and Adaptive Learning,https://openalex.org/T11902,123,110,130,123,136,133,142,174,129,120,142,117,146,162,181,209,254,321,330,264,411,322,312,325,356,301,319,313,339,329,366,358,523,521,540,577,550,658,614,664,719,680,764,795,824,849,831,802,767,753,806,577,473,648,1260
Artificial Intelligence,https://openalex.org/subfields/1702,Internet Traffic Analysis and Secure E-voting,https://openalex.org/T11598,10,10,6,7,7,9,13,9,10,5,6,11,12,9,12,19,20,19,18,18,17,21,28,32,40,45,72,79,63,101,129,154,283,285,413,431,615,678,781,929,936,867,1029,1025,1021,962,1004,909,1079,1122,1197,1274,1179,1373,1218
Artificial Intelligence,https://openalex.org/subfields/1702,Intuitionistic Fuzzy Systems Applications,https://openalex.org/T14175,7,4,5,5,1,4,7,4,5,3,5,4,9,4,12,9,6,8,8,6,5,1,9,7,9,10,11,3,15,18,22,23,27,35,40,39,41,35,64,66,81,87,103,100,97,93,123,138,156,152,137,99,88,79,75
Artificial Intelligence,https://openalex.org/subfields/1702,Law AI and Intellectual Property,https://openalex.org/T13851,19,12,16,21,26,17,25,22,42,36,38,32,55,56,38,37,66,48,78,70,77,73,88,84,102,97,133,117,138,131,183,186,217,235,276,274,294,303,316,341,374,427,441,456,490,600,630,721,809,1029,1155,1019,784,1050,1589
Artificial Intelligence,https://openalex.org/subfields/1702,Linguistic Studies and Language Acquisition,https://openalex.org/T13623,190,165,189,172,190,176,187,240,252,249,266,253,294,281,295,303,326,381,387,415,436,426,473,516,581,593,694,767,859,876,1151,1274,1474,1633,1891,1836,2135,2284,2424,2484,2531,2567,2791,2496,2588,2729,2867,2899,2720,2508,2183,1279,806,991,844
Artificial Intelligence,https://openalex.org/subfields/1702,Logic programming and type systems,https://openalex.org/T10126,99,120,138,132,170,219,245,331,275,284,322,296,330,388,402,420,502,565,683,687,721,774,838,886,835,892,875,864,900,929,892,961,1593,1347,1027,1198,1143,1250,1157,1186,1189,1045,1064,1007,1001,964,904,795,958,750,655,617,472,501,487
Artificial Intelligence,https://openalex.org/subfields/1702,Logic Reasoning and Knowledge,https://openalex.org/T11010,128,102,126,110,116,110,106,109,118,130,159,144,148,187,232,252,310,364,428,414,489,600,652,739,749,753,718,732,663,672,676,713,1093,979,868,919,1026,989,1022,967,999,1006,956,991,911,1029,1003,872,956,887,830,876,664,668,577
Artificial Intelligence,https://openalex.org/subfields/1702,Machine Learning and Algorithms,https://openalex.org/T12072,26,26,21,27,35,35,30,27,39,39,27,38,45,34,41,42,52,84,120,154,168,193,224,219,279,293,294,259,255,223,245,199,541,400,347,411,407,435,450,478,513,504,521,526,529,559,520,555,597,646,634,698,402,462,503
Artificial Intelligence,https://openalex.org/subfields/1702,Machine Learning and Data Classification,https://openalex.org/T12535,11,12,12,12,12,17,7,9,15,12,11,16,9,14,7,15,35,17,37,32,20,42,32,45,53,57,60,67,66,68,85,67,143,130,133,199,205,199,209,215,260,280,292,304,372,475,488,606,721,926,1039,1235,960,1090,1199
Artificial Intelligence,https://openalex.org/subfields/1702,Machine Learning and ELM,https://openalex.org/T12676,1,1,0,0,0,1,2,0,1,0,4,0,0,2,4,0,3,2,5,4,10,9,5,5,6,9,8,13,14,5,14,13,33,23,21,30,60,59,72,104,104,171,281,382,521,675,699,836,897,947,891,900,966,966,912
Artificial Intelligence,https://openalex.org/subfields/1702,Machine Learning in Healthcare,https://openalex.org/T13702,14,7,8,15,20,12,23,18,13,16,18,20,16,25,19,11,16,36,31,34,44,41,32,27,33,51,49,45,45,41,46,49,37,67,45,71,76,85,88,108,100,131,179,207,248,292,392,454,620,905,1006,1030,1078,1324,1912
Artificial Intelligence,https://openalex.org/subfields/1702,Mathematical Control Systems and Analysis,https://openalex.org/T13935,125,92,110,88,98,130,91,94,93,96,85,73,87,100,85,104,120,88,113,112,120,103,117,94,99,90,80,128,138,117,110,118,116,121,125,154,143,165,192,212,245,284,288,313,320,306,288,276,336,334,319,314,225,214,224
Artificial Intelligence,https://openalex.org/subfields/1702,Metaheuristic Optimization Algorithms Research,https://openalex.org/T10100,29,22,28,17,26,33,30,25,34,22,19,22,16,26,38,37,26,57,64,76,79,104,128,158,173,197,247,258,256,281,344,353,877,679,755,924,1110,1242,1466,1807,1981,1813,2014,2077,2115,1994,1981,1987,1981,2215,2222,2321,2399,2210,1955
Artificial Intelligence,https://openalex.org/subfields/1702,Multi-Agent Systems and Negotiation,https://openalex.org/T10456,20,25,12,14,25,15,17,19,36,33,35,26,42,37,64,54,96,95,124,109,147,154,169,225,242,264,330,418,456,631,686,733,1459,1233,1286,1257,1457,1263,1253,1227,1100,1174,1037,947,861,820,688,655,658,551,475,446,290,353,492
Artificial Intelligence,https://openalex.org/subfields/1702,Natural Language Processing Techniques,https://openalex.org/T10181,320,273,268,386,322,337,323,367,407,372,420,482,523,543,637,591,796,764,879,928,1082,1038,1220,1264,1450,1222,1546,1558,1957,1734,2465,2341,3101,3096,3786,3780,4353,4558,5089,5360,5827,5650,5980,5810,6292,5759,6132,5497,5829,5979,6416,5562,4140,4917,6511
Artificial Intelligence,https://openalex.org/subfields/1702,Neural Networks and Applications,https://openalex.org/T10320,484,471,455,405,397,434,408,446,462,423,430,434,475,542,519,574,719,943,1330,1701,2063,2556,2662,2574,2932,2643,2858,2794,2787,2474,2795,2476,8818,5173,3386,4477,4070,3491,3478,3624,3632,3470,3221,3258,3177,3115,3363,3382,3901,4345,3822,3400,2494,2814,5858
Artificial Intelligence,https://openalex.org/subfields/1702,Neural Networks and Reservoir Computing,https://openalex.org/T12611,9,8,11,6,8,10,9,16,4,9,5,6,8,12,19,32,36,61,74,94,87,98,77,85,42,53,49,51,50,39,52,47,122,85,83,100,113,123,128,161,195,198,226,252,267,303,358,451,568,811,983,1228,1467,1803,1909
Artificial Intelligence,https://openalex.org/subfields/1702,Organizational and Employee Performance,https://openalex.org/T14064,3,3,3,2,3,3,4,2,3,2,4,3,8,4,3,7,4,9,4,7,8,6,9,11,8,8,6,5,7,13,20,27,21,24,41,51,66,85,84,121,253,260,339,433,477,565,826,986,1233,1577,1814,1979,1980,2456,2426
Artificial Intelligence,https://openalex.org/subfields/1702,Privacy-Preserving Technologies in Data,https://openalex.org/T10764,3,4,4,3,2,8,4,5,10,4,9,6,8,5,6,7,12,2,11,14,8,9,10,9,17,14,14,20,19,23,18,35,76,84,123,154,276,354,425,566,728,713,886,1036,1197,1250,1289,1441,1722,1965,2411,3118,3792,5069,5590
Artificial Intelligence,https://openalex.org/subfields/1702,Psychiatry Mental Health Neuroscience,https://openalex.org/T14381,5,11,4,7,9,10,4,6,6,7,9,6,6,13,18,22,12,15,11,21,18,23,28,14,24,36,28,33,43,46,42,61,68,79,85,105,123,109,106,95,120,120,131,125,143,121,105,111,132,86,81,42,44,42,46
Artificial Intelligence,https://openalex.org/subfields/1702,Quantum Computing Algorithms and Architecture,https://openalex.org/T10682,33,28,39,37,37,45,33,33,35,22,31,31,44,25,32,34,30,37,32,52,63,44,48,74,74,92,172,166,255,253,396,456,679,714,808,970,997,1008,1105,1038,1094,1098,1244,1357,1477,1348,1437,1549,1886,2315,2708,3274,3220,3907,4416
Artificial Intelligence,https://openalex.org/subfields/1702,Quantum Information and Cryptography,https://openalex.org/T10020,63,56,59,69,86,82,104,83,78,82,81,78,103,86,110,133,149,200,210,225,263,284,345,350,297,293,404,411,490,503,724,854,1198,1369,1718,2122,2264,2534,2676,2712,2733,2831,2852,3018,3109,2827,2960,3096,3034,3542,3340,3531,3470,3634,3461
Artificial Intelligence,https://openalex.org/subfields/1702,Reinforcement Learning in Robotics,https://openalex.org/T10462,11,9,14,15,14,10,12,9,22,14,9,10,11,9,7,12,15,14,15,13,22,30,43,37,60,59,100,107,127,143,127,187,445,369,399,383,401,445,449,481,470,461,444,487,452,434,563,640,969,1389,1480,1900,1473,1620,1569
Artificial Intelligence,https://openalex.org/subfields/1702,Security and Verification in Computing,https://openalex.org/T11424,5,2,3,8,8,12,10,18,19,29,21,22,21,37,34,32,32,28,29,36,46,29,50,44,66,61,87,78,103,107,126,116,515,429,357,463,509,620,634,694,739,753,736,744,771,755,783,860,902,985,877,929,821,860,724
Artificial Intelligence,https://openalex.org/subfields/1702,Seismology and Earthquake Studies,https://openalex.org/T13018,127,122,109,120,192,196,228,226,231,250,266,235,220,262,220,269,273,267,293,279,343,390,340,386,389,458,436,386,293,325,407,522,635,740,615,730,731,827,913,1079,1099,1072,1222,1345,1436,1413,1498,1476,1447,1747,1549,1134,715,822,1146
Artificial Intelligence,https://openalex.org/subfields/1702,Semantic Web and Ontologies,https://openalex.org/T10215,162,159,141,149,161,202,174,229,185,221,272,236,295,347,386,433,512,591,685,703,774,768,874,917,950,1021,1044,1091,1194,1238,1415,1580,2350,2477,2750,3249,3486,3821,4257,4172,4454,4183,4167,4396,4152,3993,3654,3365,3045,3089,2440,1816,1267,1228,2077
Artificial Intelligence,https://openalex.org/subfields/1702,Sentiment Analysis and Opinion Mining,https://openalex.org/T10664,2,0,1,3,0,2,1,0,1,0,1,0,0,1,1,0,0,2,2,1,2,1,2,2,1,0,1,1,7,2,5,12,9,9,33,40,92,150,208,323,518,506,716,908,1136,1367,1667,1798,2245,2498,2869,3290,3217,3669,3539
Artificial Intelligence,https://openalex.org/subfields/1702,Solar Radiation and Photovoltaics,https://openalex.org/T11276,85,56,94,101,103,110,151,174,170,189,176,233,175,207,192,168,188,172,190,166,212,185,182,172,179,207,223,208,213,195,253,264,344,374,383,375,384,375,494,559,817,795,1014,1131,1348,1340,1434,1565,1764,1821,1854,1938,1951,2242,2227
Artificial Intelligence,https://openalex.org/subfields/1702,Speech and dialogue systems,https://openalex.org/T12031,85,60,78,91,81,109,92,109,80,130,116,112,159,164,151,170,194,260,242,323,345,320,392,427,468,394,446,523,596,572,743,627,1207,1019,1078,1080,1155,1180,1118,1167,1199,1041,1072,1057,1059,984,976,856,993,962,863,683,575,687,1175
Artificial Intelligence,https://openalex.org/subfields/1702,Speech Recognition and Synthesis,https://openalex.org/T10201,75,53,59,71,91,86,108,90,100,90,108,102,122,154,176,156,174,237,266,381,463,480,481,515,561,540,592,586,772,769,774,656,2319,1251,1226,1552,1538,1521,1583,1562,1763,1637,1728,1742,1822,1782,1915,1711,1910,2113,2137,2305,2151,2534,2853
Artificial Intelligence,https://openalex.org/subfields/1702,Statistical and Computational Modeling,https://openalex.org/T14351,82,77,78,71,56,74,66,90,85,72,95,70,78,83,99,104,124,81,90,105,136,120,101,99,110,105,119,118,117,125,151,121,195,185,187,212,200,207,238,248,289,316,366,334,380,446,371,389,442,491,445,446,335,303,336
Artificial Intelligence,https://openalex.org/subfields/1702,Stochastic Gradient Optimization Techniques,https://openalex.org/T11612,4,5,4,5,2,1,3,3,4,3,5,9,5,5,8,8,10,12,12,12,12,11,7,21,14,7,16,8,14,9,10,9,27,18,12,16,9,18,13,24,35,44,59,80,123,154,209,280,437,494,560,618,368,390,353
Artificial Intelligence,https://openalex.org/subfields/1702,Target Tracking and Data Fusion in Sensor Networks,https://openalex.org/T10711,116,155,170,158,150,192,160,187,163,190,160,163,195,180,156,203,161,177,193,246,277,284,231,284,268,261,277,337,333,408,444,412,1402,1082,1012,1447,1630,1527,1671,1785,1950,1977,2014,1930,1763,1639,1588,1537,1535,1638,1340,1394,1257,1309,1288
Artificial Intelligence,https://openalex.org/subfields/1702,Text and Document Classification Technologies,https://openalex.org/T11550,4,6,3,7,6,12,4,2,9,3,5,3,5,8,7,3,14,12,10,8,12,20,17,13,25,34,33,40,51,76,106,119,262,290,341,380,484,493,605,601,680,654,712,762,796,836,816,871,1035,1111,1023,969,981,1063,1294
Artificial Intelligence,https://openalex.org/subfields/1702,Text Readability and Simplification,https://openalex.org/T13629,37,41,31,48,50,62,69,54,62,74,79,86,76,73,67,69,50,61,55,55,65,53,65,65,67,70,55,70,56,69,92,72,71,103,100,82,112,143,167,167,195,204,262,304,333,303,367,312,406,420,422,452,403,524,562
Artificial Intelligence,https://openalex.org/subfields/1702,Topic Modeling,https://openalex.org/T10028,17,24,16,17,25,20,14,30,20,30,27,27,24,33,25,23,25,36,42,45,50,52,58,62,59,69,66,70,103,111,163,175,269,329,398,415,453,575,703,730,901,931,1042,1191,1282,1617,2056,2412,3398,4476,5559,6952,6111,8234,6776
Artificial Intelligence,https://openalex.org/subfields/1702,Wireless Signal Modulation Classification,https://openalex.org/T12131,4,2,2,1,2,1,2,3,3,2,2,1,1,0,3,8,1,5,6,7,4,5,7,3,10,16,14,9,14,19,12,26,108,64,71,113,156,151,160,224,255,249,247,261,234,210,222,273,323,623,735,1009,1090,1322,1093
Computational Theory and Mathematics,https://openalex.org/subfields/1703,Adaptive Dynamic Programming Control,https://openalex.org/T12794,1,2,1,2,0,0,1,1,1,1,1,1,1,3,0,1,2,0,2,3,3,2,6,3,7,9,5,11,12,12,19,20,67,55,33,52,52,71,77,96,97,140,147,180,231,207,233,302,336,434,488,558,615,842,675
Computational Theory and Mathematics,https://openalex.org/subfields/1703,Advanced Algebra and Logic,https://openalex.org/T11727,477,533,590,477,550,547,483,509,457,467,491,484,493,512,513,530,458,447,489,510,580,527,594,590,583,674,680,569,614,672,833,707,895,871,884,933,908,1024,1026,1039,1132,1020,1022,1060,985,1056,981,951,955,1020,890,859,744,708,779
Computational Theory and Mathematics,https://openalex.org/subfields/1703,Advanced Graph Theory Research,https://openalex.org/T10374,108,97,131,151,160,147,148,153,187,209,208,249,262,239,264,274,301,339,349,445,413,413,440,482,541,545,622,605,638,690,733,698,844,912,854,1004,1134,1207,1342,1328,1363,1464,1543,1469,1483,1630,1533,1585,1657,1531,1700,1575,1500,1372,1233
Computational Theory and Mathematics,https://openalex.org/subfields/1703,Advanced Mathematical Modeling in Engineering,https://openalex.org/T12100,327,342,380,404,452,415,429,430,403,430,501,461,541,491,541,616,572,609,637,723,730,776,743,825,849,949,987,1116,1174,1106,1209,1338,1365,1455,1528,1611,1708,1793,1823,1784,1883,1897,1887,1904,2018,2008,1957,1883,1971,1903,1798,1689,1629,1597,2005
Computational Theory and Mathematics,https://openalex.org/subfields/1703,Advanced Multi-Objective Optimization Algorithms,https://openalex.org/T10848,15,20,20,21,16,14,17,20,21,25,30,25,30,25,35,35,40,36,51,45,57,59,76,66,79,91,136,108,170,148,211,243,418,391,483,508,671,678,758,844,943,966,1002,1023,1076,1084,1116,1154,1235,1282,1309,1424,1518,1488,1439
Computational Theory and Mathematics,https://openalex.org/subfields/1703,Cellular Automata and Applications,https://openalex.org/T12162,104,89,111,104,112,87,95,107,95,118,117,138,128,143,183,179,262,256,240,266,315,350,328,369,366,409,421,403,371,438,462,388,1018,721,654,812,728,673,755,783,782,701,731,698,685,644,659,597,556,577,471,440,327,323,503
Computational Theory and Mathematics,https://openalex.org/subfields/1703,Chaos Complexity and Education,https://openalex.org/T12469,6,7,10,6,7,11,13,15,12,11,6,10,8,9,17,21,13,21,18,22,32,35,29,41,40,54,33,55,48,45,62,63,79,64,77,87,76,86,87,100,81,79,92,93,91,65,64,49,51,51,32,36,21,20,33
Computational Theory and Mathematics,https://openalex.org/subfields/1703,Complexity and Algorithms in Graphs,https://openalex.org/T10720,2,2,5,4,7,5,10,8,15,15,29,26,41,49,46,57,89,79,91,115,109,143,178,185,227,232,210,259,250,239,257,242,595,406,361,414,425,429,457,473,506,490,511,515,540,559,575,574,616,580,596,564,474,404,280
Computational Theory and Mathematics,https://openalex.org/subfields/1703,Computability Logic AI Algorithms,https://openalex.org/T12002,362,331,339,386,394,368,361,365,365,360,361,367,352,393,371,363,458,456,559,496,525,524,499,525,504,571,582,564,581,603,584,597,881,793,819,888,840,920,895,942,969,961,1050,996,959,940,992,977,961,951,929,849,682,631,907
Computational Theory and Mathematics,https://openalex.org/subfields/1703,Computational Drug Discovery Methods,https://openalex.org/T10211,215,194,204,205,237,260,243,251,266,303,269,290,289,312,347,410,414,422,454,454,531,530,501,610,631,680,733,662,788,802,944,1017,1155,1305,1582,1648,1850,1981,2216,2262,2433,2659,2873,3070,2933,2988,3087,3085,3374,3630,4902,5508,5270,5738,6134
Computational Theory and Mathematics,https://openalex.org/subfields/1703,Contact Mechanics and Variational Inequalities,https://openalex.org/T12809,98,73,65,72,81,96,81,89,90,85,104,100,136,117,133,144,134,154,140,160,170,180,185,186,204,237,223,247,271,255,314,294,318,315,332,327,319,355,338,394,346,353,335,323,331,324,277,332,304,308,316,315,305,309,350
Computational Theory and Mathematics,https://openalex.org/subfields/1703,Formal Methods in Verification,https://openalex.org/T10142,45,48,40,52,39,73,69,53,87,80,106,104,126,132,158,180,210,207,276,275,342,406,431,504,533,563,604,541,606,695,791,782,2616,1551,1388,1518,1514,1350,1369,1348,1431,1354,1327,1339,1294,1259,1169,1086,1166,945,948,914,718,766,628
Computational Theory and Mathematics,https://openalex.org/subfields/1703,Graph Labeling and Dimension Problems,https://openalex.org/T12541,48,31,38,39,52,43,66,50,48,52,56,63,51,73,49,60,45,55,66,68,88,85,80,91,73,105,140,139,110,148,198,194,207,246,272,282,398,403,455,467,493,600,688,651,648,751,713,765,884,907,986,975,787,833,758
Computational Theory and Mathematics,https://openalex.org/subfields/1703,Mathematics Computing and Information Processing,https://openalex.org/T13523,75,74,74,71,63,85,98,92,90,85,83,89,81,102,122,123,158,183,190,195,226,197,238,229,245,241,218,217,244,260,279,295,327,331,332,411,393,390,386,424,419,440,484,542,470,464,540,462,435,465,471,278,208,211,269
Computational Theory and Mathematics,https://openalex.org/subfields/1703,Matrix Theory and Algorithms,https://openalex.org/T10792,648,645,682,710,741,674,695,642,659,687,693,711,692,700,801,730,820,894,966,1066,1043,1013,1162,1110,1185,1143,1156,1255,1243,1204,1343,1269,1770,1691,1627,1807,1815,1879,1961,2012,2092,2079,1943,2056,1965,1950,1806,1665,1644,1614,1510,1404,1275,1351,1580
Computational Theory and Mathematics,https://openalex.org/subfields/1703,Modeling and Simulation Systems,https://openalex.org/T13286,33,36,42,26,23,24,29,37,33,46,40,42,49,46,44,52,64,49,64,59,62,83,67,90,93,96,100,116,131,150,171,154,265,259,199,257,263,264,300,331,285,352,353,339,381,371,262,334,232,285,191,178,95,118,81
Computational Theory and Mathematics,https://openalex.org/subfields/1703,Numerical Methods and Algorithms,https://openalex.org/T11697,115,117,153,160,141,162,146,153,189,174,157,202,158,208,171,215,222,273,229,265,296,309,317,295,283,284,317,265,311,325,333,320,1080,778,575,751,748,610,586,645,619,685,652,738,733,657,612,586,550,519,480,454,355,424,387
Computational Theory and Mathematics,https://openalex.org/subfields/1703,Optimization and Variational Analysis,https://openalex.org/T10545,159,152,163,212,184,198,221,221,212,209,214,218,238,236,241,253,270,282,282,285,338,353,394,361,460,438,506,510,484,514,607,691,771,871,872,1023,1228,1435,1424,1474,1598,1700,1584,1576,1436,1184,1102,1133,1154,1232,1309,1297,1179,1033,1061
Computational Theory and Mathematics,https://openalex.org/subfields/1703,Petri Nets in System Modeling,https://openalex.org/T11125,27,22,23,28,24,31,24,31,31,48,48,56,62,66,86,109,117,167,146,154,222,316,315,313,345,365,400,396,415,384,398,409,2076,1070,830,866,954,762,781,830,864,850,810,731,751,620,569,529,544,471,479,398,369,325,290
Computational Theory and Mathematics,https://openalex.org/subfields/1703,Polynomial and algebraic computation,https://openalex.org/T11435,100,96,110,114,104,114,125,100,111,96,125,118,130,99,123,154,145,142,148,181,204,199,215,220,204,238,255,255,236,259,305,304,361,341,402,453,444,419,420,482,498,544,522,490,481,506,517,457,431,457,448,372,416,382,475
Computational Theory and Mathematics,https://openalex.org/subfields/1703,Quantum-Dot Cellular Automata,https://openalex.org/T13182,6,14,13,10,11,15,15,8,5,14,17,7,8,17,16,12,22,12,20,13,12,19,19,31,28,25,32,61,50,54,78,81,141,154,158,199,247,210,230,175,211,224,278,270,285,321,342,393,348,361,334,361,319,316,449
Computational Theory and Mathematics,https://openalex.org/subfields/1703,Rough Sets and Fuzzy Logic,https://openalex.org/T11063,39,50,55,44,36,41,46,39,37,42,53,55,61,58,70,85,82,89,107,97,114,111,152,125,174,200,224,210,251,303,403,502,911,921,1041,1357,1567,1877,2168,2225,2318,2015,1864,1721,1524,1426,1207,1067,1117,1158,1064,999,1042,961,1013
Computational Theory and Mathematics,https://openalex.org/subfields/1703,semigroups and automata theory,https://openalex.org/T11567,329,326,340,332,359,348,330,303,310,295,338,315,332,304,311,319,367,274,321,348,319,375,398,384,415,419,461,392,406,432,477,533,655,638,641,621,642,722,703,769,823,904,804,720,766,748,718,652,661,657,632,610,501,541,470
Computational Theory and Mathematics,https://openalex.org/subfields/1703,Topological and Geometric Data Analysis,https://openalex.org/T12536,62,43,59,53,43,67,55,61,57,56,43,63,49,60,57,61,76,70,80,72,71,85,87,101,97,83,102,119,98,128,85,123,153,150,150,197,194,233,255,270,289,323,353,358,346,394,457,477,516,642,627,644,589,650,609
Computer Graphics and Computer-Aided Design,https://openalex.org/subfields/1704,Computational Geometry and Mesh Generation,https://openalex.org/T10996,79,92,106,105,92,90,98,103,106,120,133,135,154,185,219,294,291,345,343,391,440,540,597,597,553,578,656,632,606,609,699,667,951,892,787,865,879,930,862,997,883,898,924,870,870,858,780,787,690,675,711,623,522,491,582
Computer Graphics and Computer-Aided Design,https://openalex.org/subfields/1704,Computer Graphics and Visualization Techniques,https://openalex.org/T10481,79,58,54,53,66,73,55,86,104,97,105,140,146,180,207,228,269,311,272,349,480,436,533,510,548,611,607,715,727,800,881,1016,2152,1815,1879,2016,2072,1909,1799,1870,1993,1817,1558,1569,1379,1339,1232,1146,1032,1047,971,887,765,902,1217
Computer Graphics and Computer-Aided Design,https://openalex.org/subfields/1704,Digital Media and Visual Art,https://openalex.org/T14254,33,34,47,42,36,50,49,44,41,42,51,44,49,51,54,65,57,68,75,85,73,83,88,99,77,112,118,117,136,187,543,853,1125,1420,1583,1797,2068,2636,2800,3147,3317,3295,2243,2029,2046,2128,1766,1655,1955,2311,2617,2988,3002,3809,4027
Computer Graphics and Computer-Aided Design,https://openalex.org/subfields/1704,Transportation Systems and Safety,https://openalex.org/T13615,45,30,31,47,52,60,57,63,63,65,59,55,48,53,58,63,68,64,71,60,68,56,108,89,100,100,109,135,323,312,304,318,392,396,425,408,437,497,488,542,620,610,644,615,746,728,705,611,586,497,435,275,264,268,315
Computer Networks and Communications,https://openalex.org/subfields/1705,Advanced Authentication Protocols Security,https://openalex.org/T11504,1,0,2,1,1,0,1,0,2,0,6,10,12,8,5,15,8,17,12,20,20,10,27,45,31,59,59,50,79,107,115,139,359,327,335,472,499,486,594,589,622,566,587,571,565,542,533,580,484,527,544,533,488,465,468
Computer Networks and Communications,https://openalex.org/subfields/1705,Advanced Data Storage Technologies,https://openalex.org/T11181,86,106,103,123,108,145,134,138,140,145,165,208,177,205,215,216,259,300,309,365,415,454,453,629,623,558,664,632,606,625,683,667,2092,1455,1107,1496,1442,1477,1600,1690,1946,1992,2060,2132,2223,2264,2118,2070,1972,1920,1617,1464,1280,1303,1552
Computer Networks and Communications,https://openalex.org/subfields/1705,Advanced Database Systems and Queries,https://openalex.org/T10317,107,104,96,123,139,245,275,274,336,395,509,478,579,643,613,624,754,793,770,904,881,967,1014,1079,1018,1016,1069,1101,1033,1215,1139,1243,2856,2079,1744,1982,1778,1838,1711,1667,1790,1558,1529,1387,1321,1198,1185,1042,961,845,711,561,406,408,602
Computer Networks and Communications,https://openalex.org/subfields/1705,Advanced Statistical Modeling Techniques,https://openalex.org/T13748,24,26,20,28,26,19,30,33,42,33,28,36,37,42,34,46,35,51,47,26,50,37,56,48,47,40,48,50,58,40,48,47,49,52,48,75,86,91,84,85,102,124,112,152,178,150,161,169,170,168,166,145,129,136,130
Computer Networks and Communications,https://openalex.org/subfields/1705,Advanced Technologies and Applied Computing,https://openalex.org/T13345,0,0,0,0,0,0,0,0,0,0,0,0,0,0,0,0,0,0,0,0,0,0,0,0,0,0,0,0,0,0,1,0,0,0,1,0,3,3,0,4,4,1,7,3,3,5,2,15,12,24,20,112,300,269,72
Computer Networks and Communications,https://openalex.org/subfields/1705,Age of Information Optimization,https://openalex.org/T13553,0,1,3,2,2,0,3,1,0,3,3,0,0,1,4,4,4,2,1,1,3,2,3,2,2,3,6,7,5,6,12,9,10,14,9,21,22,22,29,17,33,32,33,35,41,45,43,81,151,286,374,520,579,715,459
Computer Networks and Communications,https://openalex.org/subfields/1705,Bluetooth and Wireless Communication Technologies,https://openalex.org/T12801,17,26,24,15,20,20,32,23,23,30,27,34,35,26,31,25,27,35,43,30,39,58,41,45,59,57,50,65,78,79,165,278,552,683,708,653,745,665,610,651,608,573,648,658,614,662,692,663,687,551,496,447,300,269,315
Computer Networks and Communications,https://openalex.org/subfields/1705,Caching and Content Delivery,https://openalex.org/T11478,4,2,2,0,2,5,2,6,2,2,5,4,7,13,15,13,15,20,6,21,24,24,24,43,57,58,81,121,182,218,236,299,656,702,774,754,770,759,756,946,1036,1209,1530,1659,1837,1814,1964,2118,2196,2103,1687,1440,1324,1308,1197
Computer Networks and Communications,https://openalex.org/subfields/1705,Cognitive Radio Networks and Spectrum Sensing,https://openalex.org/T10579,2,1,1,1,2,1,2,2,0,1,0,2,4,4,2,3,7,4,5,1,1,2,1,2,2,2,2,0,1,4,5,6,20,14,14,57,164,497,919,1441,1996,2165,2381,2426,2449,2053,1738,1541,1347,1155,954,795,640,544,439
Computer Networks and Communications,https://openalex.org/subfields/1705,Constraint Satisfaction and Optimization,https://openalex.org/T11596,48,39,50,32,61,49,56,57,46,72,67,80,79,72,78,111,137,160,158,195,219,277,312,339,341,358,353,397,397,364,463,376,907,615,599,650,677,659,639,571,589,560,481,560,485,479,439,420,368,359,301,345,184,215,257
Computer Networks and Communications,https://openalex.org/subfields/1705,Cooperative Communication and Network Coding,https://openalex.org/T10796,17,12,11,13,10,5,16,17,8,18,16,20,21,25,23,31,33,28,25,57,22,33,59,51,64,51,37,54,61,70,84,102,354,349,460,898,1410,1878,2650,3371,4126,4207,4308,3896,3582,2821,2425,1896,1512,1300,929,737,567,566,567
Computer Networks and Communications,https://openalex.org/subfields/1705,Cultural Insights and Digital Impacts,https://openalex.org/T13807,134,107,127,112,143,156,157,168,181,193,209,241,230,264,295,351,364,395,402,400,395,423,445,460,525,606,611,650,678,741,860,925,1168,1135,1384,1542,1764,1995,2145,2548,2774,2961,3420,3614,4038,4369,4143,4583,4138,3941,3617,2782,1595,1704,1589
Computer Networks and Communications,https://openalex.org/subfields/1705,Cybersecurity and Information Systems,https://openalex.org/T13983,57,78,52,22,26,40,24,37,27,33,30,32,39,44,50,24,60,46,32,35,35,39,37,34,48,31,39,48,50,60,67,63,97,99,122,105,126,124,192,270,259,322,411,468,530,551,507,556,677,851,868,794,750,717,573
Computer Networks and Communications,https://openalex.org/subfields/1705,Distributed and Parallel Computing Systems,https://openalex.org/T10715,208,236,274,305,345,380,436,380,438,507,443,536,614,689,733,804,1068,1047,1216,1108,1171,1244,1408,1544,1694,1542,1577,1775,1713,1965,2044,2322,4381,3927,4429,5469,6083,5603,5806,5275,5462,4900,4662,4153,4062,3847,3372,3326,2727,2620,2234,1582,1099,1187,2421
Computer Networks and Communications,https://openalex.org/subfields/1705,Distributed Control Multi-Agent Systems,https://openalex.org/T10249,1,2,1,2,4,1,4,2,2,3,5,1,7,3,4,7,4,9,5,10,8,13,17,7,14,10,11,9,21,29,18,43,118,122,255,266,511,607,810,976,1161,1430,1650,1765,2013,1933,2126,2284,2563,2809,2856,2792,3018,3266,2763
Computer Networks and Communications,https://openalex.org/subfields/1705,Distributed Sensor Networks and Detection Algorithms,https://openalex.org/T12879,24,22,23,27,30,47,32,35,43,38,47,39,42,49,48,50,43,67,54,61,56,89,83,79,80,62,69,74,86,66,63,65,274,182,172,286,317,380,398,446,441,480,465,478,529,401,437,401,409,383,353,323,289,344,388
Computer Networks and Communications,https://openalex.org/subfields/1705,Distributed systems and fault tolerance,https://openalex.org/T10772,31,37,40,39,47,47,77,74,110,121,152,203,259,325,339,383,395,491,578,521,629,694,706,793,776,737,754,845,739,798,786,750,3830,2101,1398,1463,1487,1382,1449,1348,1462,1355,1440,1263,1380,1227,1211,1152,1084,1003,905,819,681,708,782
Computer Networks and Communications,https://openalex.org/subfields/1705,Educational Research and Pedagogy,https://openalex.org/T13836,163,150,135,116,123,129,117,122,123,117,118,106,117,109,114,102,123,131,131,137,130,163,181,184,166,156,196,247,240,273,358,374,542,563,719,764,838,990,1024,1202,1302,1390,1553,1566,1780,1882,1713,1654,1695,1744,1873,1162,1015,1072,1864
Computer Networks and Communications,https://openalex.org/subfields/1705,Energy Efficient Wireless Sensor Networks,https://openalex.org/T10080,25,9,13,14,13,11,10,12,19,18,12,28,31,20,33,16,44,34,34,34,31,37,39,42,46,49,61,56,80,64,122,154,365,649,1092,2009,3134,4014,4453,5013,5527,5300,5600,5489,5562,5014,4633,4076,3841,3589,2886,2671,2281,2116,2400
Computer Networks and Communications,https://openalex.org/subfields/1705,Error Correcting Code Techniques,https://openalex.org/T11321,15,20,24,10,15,7,15,10,15,17,12,15,19,15,18,10,23,19,19,29,31,37,27,33,33,43,25,44,41,45,49,118,418,443,589,775,1014,872,1030,1064,1149,1064,1082,1036,1072,934,941,871,949,992,808,907,802,763,557
Computer Networks and Communications,https://openalex.org/subfields/1705,Interconnection Networks and Systems,https://openalex.org/T10829,42,53,59,50,65,66,80,72,122,107,144,150,226,228,236,276,348,474,509,585,671,815,855,864,991,924,1006,955,849,783,795,720,4225,2167,1433,1836,1816,1722,1757,1987,2005,1915,1835,1760,1746,1612,1497,1351,1264,1163,998,890,782,760,901
Computer Networks and Communications,https://openalex.org/subfields/1705,Internet of Things and Social Network Interactions,https://openalex.org/T13924,10,11,9,12,8,11,15,22,13,17,18,24,27,41,49,41,51,86,64,106,128,87,104,112,164,191,188,232,299,309,351,405,617,765,921,1003,1404,1509,1722,1716,1801,1798,1564,1527,1547,1431,1262,846,649,614,509,372,247,254,402
Computer Networks and Communications,https://openalex.org/subfields/1705,IoT and Edge/Fog Computing,https://openalex.org/T10273,3,0,5,2,3,2,3,2,8,5,4,9,7,1,10,12,10,14,12,13,22,13,15,20,21,15,24,36,45,57,41,50,62,65,70,103,99,136,132,159,253,431,678,883,1330,1810,2484,3344,4737,5658,5655,5976,5888,6091,5636
Computer Networks and Communications,https://openalex.org/subfields/1705,Media and Digital Communication,https://openalex.org/T13745,264,41,72,79,71,75,65,59,65,103,120,125,119,119,130,142,182,209,221,224,272,238,322,391,533,544,778,801,901,887,1111,992,1177,1215,1418,1926,1860,1977,2293,2289,2869,3263,3203,3148,3049,3420,3046,2616,2630,2483,2073,1504,576,544,873
Computer Networks and Communications,https://openalex.org/subfields/1705,Mobile Ad Hoc Networks,https://openalex.org/T10246,6,2,1,0,4,1,6,4,7,3,6,8,8,17,16,8,17,25,14,11,19,23,21,29,25,34,33,44,66,121,156,347,973,1344,1902,2626,3348,3207,3640,3559,3623,3453,3490,3357,3461,2620,2236,1792,1585,1354,931,838,704,587,514
Computer Networks and Communications,https://openalex.org/subfields/1705,Mobile Agent-Based Network Management,https://openalex.org/T12203,45,36,28,44,54,50,72,48,66,66,96,92,106,151,133,167,198,190,212,216,262,258,317,430,461,552,672,829,886,1084,1353,1610,3266,2665,2524,2778,2621,2503,2331,2477,2380,2129,1846,1528,1272,1056,902,797,742,663,534,389,281,322,492
Computer Networks and Communications,https://openalex.org/subfields/1705,Network Security and Intrusion Detection,https://openalex.org/T10400,18,7,11,6,11,8,17,10,9,10,10,22,17,14,19,21,26,21,36,40,46,39,45,63,76,103,132,142,162,261,318,427,887,1148,1657,2018,2409,2436,2768,3003,2956,2882,3054,2967,3051,2958,3148,3223,3787,4282,4764,5090,5539,6921,9144
Computer Networks and Communications,https://openalex.org/subfields/1705,Network Time Synchronization Technologies,https://openalex.org/T12216,13,27,24,22,28,37,29,36,30,37,39,36,65,68,54,59,71,84,61,51,60,64,88,54,76,98,86,95,94,102,111,109,325,294,311,383,487,536,584,564,678,704,664,669,677,610,557,535,576,554,572,573,516,627,596
Computer Networks and Communications,https://openalex.org/subfields/1705,Network Traffic and Congestion Control,https://openalex.org/T10138,9,3,6,9,5,6,19,17,23,20,19,37,40,44,46,37,59,62,85,98,177,218,276,328,422,534,632,691,890,1082,1059,1271,5286,3178,3011,2946,2935,2320,2316,2251,1973,1737,1559,1332,1171,1017,917,745,696,723,524,426,380,412,352
Computer Networks and Communications,https://openalex.org/subfields/1705,Neural Networks Stability and Synchronization,https://openalex.org/T11347,3,6,8,0,0,1,3,2,3,3,2,2,4,1,5,5,8,5,9,11,25,31,37,69,55,69,84,85,101,129,108,141,709,444,319,501,695,671,922,969,981,977,981,967,1033,959,897,1039,1104,1144,1139,1222,1184,1231,941
Computer Networks and Communications,https://openalex.org/subfields/1705,Nonlinear Dynamics and Pattern Formation,https://openalex.org/T11187,113,105,138,150,151,187,219,234,226,268,302,315,381,413,442,540,566,583,640,659,715,754,818,793,913,1023,1106,1109,1113,1022,1182,1140,1393,1346,1346,1438,1387,1413,1471,1395,1324,1405,1397,1402,1480,1459,1345,1392,1359,1412,1304,1283,1168,1203,1185
Computer Networks and Communications,https://openalex.org/subfields/1705,Opportunistic and Delay-Tolerant Networks,https://openalex.org/T11896,8,4,7,2,5,4,4,7,10,6,4,9,10,12,9,8,14,25,20,20,18,22,19,21,31,30,31,39,49,36,62,94,212,203,243,393,557,695,851,1011,1293,1402,1504,1484,1599,1509,1386,1207,1015,948,720,630,527,507,501
Computer Networks and Communications,https://openalex.org/subfields/1705,Optimization and Search Problems,https://openalex.org/T12288,38,36,38,76,49,55,51,50,54,82,83,92,64,96,99,94,86,118,105,128,140,160,179,185,178,223,222,235,260,252,254,269,500,398,418,396,466,500,443,567,570,579,575,589,558,573,576,590,540,619,578,550,474,474,549
Computer Networks and Communications,https://openalex.org/subfields/1705,Peer-to-Peer Network Technologies,https://openalex.org/T10742,5,1,3,2,3,6,20,11,9,4,10,5,8,7,12,8,14,23,11,18,23,29,39,34,57,89,99,133,121,172,199,276,769,1024,1665,1907,2482,2686,2916,3017,2736,2249,1916,1551,1245,956,755,599,514,427,346,273,195,210,268
Computer Networks and Communications,https://openalex.org/subfields/1705,Security in Wireless Sensor Networks,https://openalex.org/T11498,3,1,0,0,0,0,2,1,2,0,0,1,4,3,3,1,5,5,1,2,1,1,4,2,5,4,7,7,12,21,25,34,80,115,221,351,612,661,884,905,958,895,949,1048,1138,921,811,733,712,608,531,496,433,404,443
Computer Networks and Communications,https://openalex.org/subfields/1705,Sensor Technology and Measurement Systems,https://openalex.org/T12564,792,697,646,635,787,849,794,769,725,833,848,752,734,844,841,900,891,905,926,914,926,937,944,888,926,915,962,886,1028,1077,1298,1293,2462,2012,2022,2300,2477,2344,2524,2522,2517,2596,2455,2571,2474,2300,2352,2245,2354,2091,1780,1411,1122,1196,2187
Computer Networks and Communications,https://openalex.org/subfields/1705,Smart Systems and Machine Learning,https://openalex.org/T13693,0,1,1,1,1,2,3,3,1,1,1,1,1,0,0,0,1,3,5,3,5,3,3,0,3,8,4,7,1,1,8,7,6,8,15,16,13,11,25,15,28,36,37,43,63,86,103,123,157,240,313,622,358,392,477
Computer Networks and Communications,https://openalex.org/subfields/1705,Software System Performance and Reliability,https://openalex.org/T12127,39,29,43,34,46,48,58,56,52,64,59,91,78,90,118,132,152,134,130,128,168,133,175,202,204,194,231,244,253,272,309,347,775,597,677,834,857,879,965,1026,1176,1189,1155,1250,1118,1227,1309,1308,1428,1485,1457,1375,1355,1634,1762
Computer Networks and Communications,https://openalex.org/subfields/1705,Software-Defined Networks and 5G,https://openalex.org/T10714,0,3,0,2,3,3,4,2,4,4,2,5,6,10,17,17,22,14,18,22,13,23,20,36,30,32,49,59,93,85,101,99,215,219,210,249,254,271,325,388,529,705,867,1266,1898,2205,2780,2980,3220,3336,2961,2793,2533,2704,1988
Computer Networks and Communications,https://openalex.org/subfields/1705,Technology and Education Systems,https://openalex.org/T14455,3,0,2,0,2,2,4,1,2,1,1,1,3,4,3,0,1,5,7,5,3,1,4,7,7,5,6,7,10,5,5,12,44,16,25,20,23,24,22,27,34,31,42,30,34,36,31,22,14,19,10,8,2,7,9
Computer Networks and Communications,https://openalex.org/subfields/1705,Wireless Communication Networks Research,https://openalex.org/T10575,48,49,48,71,67,107,69,123,113,151,170,170,210,230,247,186,294,233,228,276,325,386,412,546,713,806,1081,1178,1391,1594,1693,1800,10152,5490,3738,4390,3958,3284,3041,2725,2506,2319,2065,1746,1604,1311,1120,932,809,723,573,417,303,307,700
Computer Networks and Communications,https://openalex.org/subfields/1705,Wireless Networks and Protocols,https://openalex.org/T11158,5,1,2,7,2,8,10,8,19,30,37,32,47,71,61,89,88,109,86,115,89,83,85,85,78,74,77,75,82,99,129,145,923,901,1004,1493,1945,1738,1874,1694,1670,1568,1524,1382,1270,1200,1135,1024,871,806,636,463,420,402,304
Computer Networks and Communications,https://openalex.org/subfields/1705,Wireless Sensor Networks for Data Analysis,https://openalex.org/T14353,36,32,34,50,36,36,39,42,50,50,49,41,51,47,50,60,64,73,60,57,68,61,59,77,84,79,68,89,138,126,164,146,226,199,194,255,234,289,366,411,452,503,457,452,435,396,459,463,395,327,282,136,94,99,154
Computer Science Applications,https://openalex.org/subfields/1706,Digital Media and Philosophy,https://openalex.org/T14114,3,2,3,4,6,4,2,4,5,4,2,3,3,6,6,2,0,3,5,1,8,3,6,9,13,12,7,12,10,14,20,16,17,21,30,41,48,50,58,84,85,83,140,122,134,206,182,170,162,246,228,231,188,179,158
Computer Science Applications,https://openalex.org/subfields/1706,E-Learning and Knowledge Management,https://openalex.org/T14246,124,9,17,14,12,18,17,22,26,31,45,48,42,49,54,70,80,73,80,84,83,108,99,143,143,162,245,273,312,327,456,512,634,691,849,962,1151,1285,1461,1640,2058,2251,2435,2640,2919,3204,3585,3397,3427,3394,3513,2663,1629,1824,2193
Computer Science Applications,https://openalex.org/subfields/1706,History of Computing Technologies,https://openalex.org/T12797,57,38,40,31,36,49,59,60,51,65,60,66,64,70,110,89,101,72,69,93,80,97,89,95,87,106,115,107,117,142,145,137,158,150,178,161,177,156,169,138,137,160,166,155,161,184,159,211,157,150,130,141,102,125,127
Computer Science Applications,https://openalex.org/subfields/1706,IoT-based Control Systems,https://openalex.org/T13541,6,1,0,0,0,0,0,0,0,1,2,0,0,1,0,0,0,0,2,1,0,0,0,2,1,1,1,2,1,2,3,2,3,4,14,13,21,31,66,125,191,126,168,253,268,446,632,920,1148,1497,1779,2103,1796,1814,1044
Computer Science Applications,https://openalex.org/subfields/1706,Mobile Crowdsensing and Crowdsourcing,https://openalex.org/T11704,1,0,2,0,0,2,0,2,2,0,0,1,0,0,2,3,1,1,2,3,2,3,1,7,2,4,3,1,3,2,7,3,9,9,15,19,26,40,64,125,208,344,517,664,849,995,979,956,1007,974,860,775,660,596,509
Computer Science Applications,https://openalex.org/subfields/1706,Online Learning and Analytics,https://openalex.org/T11122,37,37,31,37,55,51,61,40,48,36,38,44,59,59,97,79,72,96,68,89,82,71,66,85,81,98,119,116,120,156,149,172,235,254,302,364,349,402,479,589,701,777,1056,1539,2277,2526,2707,2889,3272,3550,3942,3915,3714,4639,6582
Computer Science Applications,https://openalex.org/subfields/1706,Open Education and E-Learning,https://openalex.org/T12171,123,121,168,168,169,147,177,132,141,115,79,123,114,129,145,129,170,178,209,210,189,212,240,290,302,347,434,499,555,560,603,738,926,1021,1215,1303,1261,1356,1446,1435,1627,1555,1746,1622,1585,1534,1659,1634,1598,1628,1677,838,471,484,774
Computer Science Applications,https://openalex.org/subfields/1706,Open Source Software Innovations,https://openalex.org/T11675,9,9,16,10,12,16,16,22,18,12,21,15,23,24,26,33,48,34,43,53,62,55,62,66,81,90,106,82,115,127,143,175,299,354,419,549,538,642,675,809,880,903,971,1011,997,985,866,842,798,754,662,599,500,483,459
Computer Science Applications,https://openalex.org/subfields/1706,Scientific Research and Technology,https://openalex.org/T14100,1,1,0,0,1,0,0,0,0,1,0,1,0,1,0,0,1,1,2,1,0,1,1,1,1,0,0,0,0,0,2,4,4,4,6,3,9,10,6,13,9,17,21,19,27,41,50,88,111,142,303,240,257,377,241
Computer Science Applications,https://openalex.org/subfields/1706,Teaching and Learning Programming,https://openalex.org/T10533,147,116,125,153,172,164,219,163,222,178,162,181,203,267,296,278,323,315,336,275,259,235,280,227,297,286,319,316,397,333,384,460,666,687,694,789,834,889,889,1031,1001,1051,1161,1334,1429,1577,1666,1814,2045,2348,2755,1977,1931,2097,2728
Computer Vision and Pattern Recognition,https://openalex.org/subfields/1707,Advanced Data Compression Techniques,https://openalex.org/T10901,63,69,65,72,88,127,97,120,133,138,177,152,184,198,197,232,257,287,365,384,479,625,706,821,811,884,964,966,971,989,1072,893,4793,2564,1762,2771,2168,1899,1764,1704,1605,1472,1447,1324,1129,1088,998,892,795,773,612,583,496,575,1031
Computer Vision and Pattern Recognition,https://openalex.org/subfields/1707,Advanced Image and Video Retrieval Techniques,https://openalex.org/T10627,12,11,7,11,1,17,8,18,13,17,19,33,22,23,33,32,52,57,75,82,106,115,117,112,137,137,170,156,205,226,265,249,886,610,624,849,1030,1300,1603,2075,2346,2497,2641,2997,3097,3092,2700,2540,2413,2384,2120,2238,2045,2190,2214
Computer Vision and Pattern Recognition,https://openalex.org/subfields/1707,Advanced Image Processing Techniques,https://openalex.org/T11105,3,2,4,6,6,9,6,8,9,7,7,8,9,15,16,13,19,13,22,35,40,74,62,72,57,65,77,89,123,100,102,113,374,262,312,426,450,604,582,677,799,835,813,890,931,970,942,945,1099,1537,1639,1995,2045,2351,2068
Computer Vision and Pattern Recognition,https://openalex.org/subfields/1707,Advanced Neural Network Applications,https://openalex.org/T10036,0,1,1,2,0,1,0,0,1,0,1,1,0,1,0,2,1,5,3,3,3,8,3,8,4,6,5,9,2,9,3,9,17,13,13,19,21,31,27,52,57,81,85,151,156,332,612,1227,2205,3565,4272,5911,6796,8283,5460
Computer Vision and Pattern Recognition,https://openalex.org/subfields/1707,Advanced Steganography and Watermarking Techniques,https://openalex.org/T10388,8,2,0,0,1,0,0,0,0,0,1,1,1,1,2,0,2,0,0,3,3,2,2,4,8,17,24,40,139,197,329,442,994,1112,1336,1672,2018,2152,2385,2656,2755,2489,2659,2863,2699,2585,2361,2196,2314,2296,2097,2078,1895,2026,2034
Computer Vision and Pattern Recognition,https://openalex.org/subfields/1707,Advanced Vision and Imaging,https://openalex.org/T10531,42,29,30,46,34,39,46,45,51,63,63,98,78,107,130,185,228,272,317,370,435,479,509,547,642,609,738,737,836,907,948,894,3985,2589,2161,2482,2597,2473,2462,2579,2756,2857,2755,2714,2594,2448,2332,2280,2265,2354,2230,2475,2423,2747,2481
Computer Vision and Pattern Recognition,https://openalex.org/subfields/1707,Augmented Reality Applications,https://openalex.org/T10888,43,34,41,35,56,57,48,48,51,31,65,42,70,97,93,83,96,85,91,94,116,96,137,121,152,165,171,225,247,256,309,312,661,653,712,711,707,715,815,818,1031,1191,1313,1467,1596,1653,1727,1947,2355,2719,2675,2516,2326,2548,2916
Computer Vision and Pattern Recognition,https://openalex.org/subfields/1707,Chaos-based Image/Signal Encryption,https://openalex.org/T11017,37,26,21,25,17,22,30,24,33,35,36,42,61,61,63,60,58,72,90,89,75,87,89,94,102,119,160,138,141,161,218,235,423,457,572,663,825,838,1020,1130,1233,1268,1383,1560,1668,1600,1549,1652,1890,2053,1977,2005,2059,2220,2483
Computer Vision and Pattern Recognition,https://openalex.org/subfields/1707,Context-Aware Activity Recognition Systems,https://openalex.org/T10444,9,14,15,14,14,12,11,17,21,20,23,21,29,38,35,41,20,38,47,39,55,47,50,62,82,92,90,110,123,158,229,283,553,612,876,1110,1381,1393,1587,1672,1866,1950,1942,2051,2062,2208,2244,2029,2151,1986,1956,1682,1686,1734,1984
Computer Vision and Pattern Recognition,https://openalex.org/subfields/1707,Currency Recognition and Detection,https://openalex.org/T14319,11,12,10,11,8,14,7,13,7,19,7,12,6,7,11,14,16,9,12,17,6,12,21,14,10,24,33,33,38,24,49,41,74,65,77,74,103,88,106,96,139,125,148,153,170,191,182,201,297,332,338,384,361,457,552
Computer Vision and Pattern Recognition,https://openalex.org/subfields/1707,Data Visualization and Analytics,https://openalex.org/T10799,23,32,19,21,36,42,39,39,38,34,41,40,37,55,64,56,85,89,101,118,132,181,216,231,263,283,285,306,364,350,402,412,829,675,795,745,894,859,965,1024,1106,1155,1214,1330,1479,1575,1563,1465,1466,1477,1448,1236,1084,1080,1063
Computer Vision and Pattern Recognition,https://openalex.org/subfields/1707,Digital Image Processing Techniques,https://openalex.org/T12923,58,70,88,98,76,101,91,93,109,125,117,185,163,161,187,207,178,197,213,239,234,230,284,259,255,273,267,238,255,239,229,237,714,497,329,437,343,382,420,369,397,398,325,367,366,301,312,304,260,292,262,239,166,183,218
Computer Vision and Pattern Recognition,https://openalex.org/subfields/1707,Digital Imaging for Blood Diseases,https://openalex.org/T12874,51,50,64,67,52,42,58,63,64,78,69,54,56,63,65,70,71,89,75,80,87,82,61,78,63,85,94,74,79,89,116,100,138,136,160,209,202,201,243,270,319,327,387,379,418,504,612,605,777,836,938,899,963,1093,1383
Computer Vision and Pattern Recognition,https://openalex.org/subfields/1707,Digital Media Forensic Detection,https://openalex.org/T12357,14,10,6,9,9,10,3,2,9,8,8,9,8,7,13,5,11,15,14,4,11,16,8,13,7,19,19,24,21,30,28,28,61,54,81,98,143,175,225,322,381,363,413,474,526,558,603,628,732,827,867,1020,1083,1253,1614
Computer Vision and Pattern Recognition,https://openalex.org/subfields/1707,Face and Expression Recognition,https://openalex.org/T10057,21,25,30,23,15,18,21,20,21,21,17,20,11,19,25,21,26,17,27,33,52,57,69,61,86,99,150,153,182,181,275,293,923,933,1096,1336,1793,1636,1999,2154,2435,2257,2383,2568,2651,2568,2326,2299,2258,2169,1897,1796,1582,1456,1814
Computer Vision and Pattern Recognition,https://openalex.org/subfields/1707,Face recognition and analysis,https://openalex.org/T11448,3,3,7,5,7,10,3,13,8,11,7,14,9,12,7,14,15,18,18,18,17,37,38,39,48,55,79,90,133,112,124,182,383,389,409,454,587,566,611,696,745,728,764,838,897,1044,1154,1427,1524,1993,1995,2565,2487,2636,2414
Computer Vision and Pattern Recognition,https://openalex.org/subfields/1707,Generative Adversarial Networks and Image Synthesis,https://openalex.org/T10775,0,0,0,1,0,1,0,1,0,2,2,3,0,1,2,2,1,2,1,4,1,7,10,18,6,4,6,7,4,8,9,14,33,46,35,53,71,97,93,111,159,135,151,171,221,225,268,477,820,1194,1314,1810,1586,2122,1684
Computer Vision and Pattern Recognition,https://openalex.org/subfields/1707,Graph Theory and Algorithms,https://openalex.org/T12292,25,23,18,18,31,20,18,35,14,32,29,28,30,33,41,46,51,46,49,79,66,75,73,69,68,72,90,81,89,89,96,95,151,160,166,152,180,194,207,233,278,316,426,502,579,660,785,734,693,763,668,668,570,519,719
Computer Vision and Pattern Recognition,https://openalex.org/subfields/1707,Handwritten Text Recognition Techniques,https://openalex.org/T10601,56,46,42,35,51,51,38,54,43,67,40,55,58,51,62,55,92,81,105,118,134,179,207,262,362,284,382,252,293,409,283,252,1322,640,750,779,743,855,790,967,1002,1095,1112,1214,1295,1351,1229,1383,1417,1702,1585,1690,1522,1755,1777
Computer Vision and Pattern Recognition,https://openalex.org/subfields/1707,Human Pose and Action Recognition,https://openalex.org/T10812,2,2,1,1,0,2,1,1,2,2,3,3,2,1,1,5,3,7,1,4,6,9,9,9,13,7,28,16,25,28,37,25,130,137,148,186,245,242,353,410,449,566,607,784,895,938,963,1163,1325,1737,1859,2463,2447,2958,2524
Computer Vision and Pattern Recognition,https://openalex.org/subfields/1707,Image and Object Detection Techniques,https://openalex.org/T12549,18,15,20,22,20,18,29,33,19,35,31,47,57,70,82,82,122,144,178,190,204,215,250,240,273,225,306,249,270,223,248,238,962,618,456,572,591,556,614,710,824,770,684,683,684,629,544,521,526,557,470,461,419,426,452
Computer Vision and Pattern Recognition,https://openalex.org/subfields/1707,Image and Signal Denoising Methods,https://openalex.org/T10688,40,45,56,83,78,103,89,96,112,140,118,149,157,154,160,220,199,228,248,300,361,480,662,717,816,869,1039,970,1091,1092,1152,1120,4031,2258,1833,2536,2387,2376,2348,2476,2577,2570,2754,2730,2604,2380,2189,2029,2073,2067,1789,1807,1709,1781,2229
Computer Vision and Pattern Recognition,https://openalex.org/subfields/1707,Image and Video Quality Assessment,https://openalex.org/T11165,11,5,7,15,10,7,10,8,11,9,13,11,9,18,15,11,25,19,24,39,42,39,55,49,52,66,72,68,95,108,120,103,287,254,235,379,384,405,510,609,751,777,903,1002,1196,1261,1324,1237,1333,1348,1180,1113,1203,1242,1052
Computer Vision and Pattern Recognition,https://openalex.org/subfields/1707,Image and Video Stabilization,https://openalex.org/T13579,0,3,1,2,3,1,1,1,2,4,4,3,1,5,4,9,10,13,14,17,16,19,23,30,27,28,35,21,51,58,82,102,175,191,219,268,353,387,437,461,471,459,383,331,319,293,232,198,197,180,153,112,87,123,206
Computer Vision and Pattern Recognition,https://openalex.org/subfields/1707,Image Enhancement Techniques,https://openalex.org/T11019,9,8,12,10,7,14,11,14,12,15,17,16,12,18,13,29,17,13,22,42,40,57,55,46,59,50,58,48,72,73,74,66,207,206,212,318,367,455,502,604,746,782,809,1036,1151,1182,1203,1285,1378,1589,1672,1972,2324,2637,2510
Computer Vision and Pattern Recognition,https://openalex.org/subfields/1707,Image Processing and 3D Reconstruction,https://openalex.org/T14339,196,163,166,155,200,185,183,165,180,194,199,205,232,221,254,264,259,269,296,325,369,339,372,413,399,427,484,408,450,503,568,664,983,924,1243,1649,1915,1984,2155,2119,2255,1801,1495,1417,1419,1482,1408,1380,1372,1465,1207,1038,759,866,1811
Computer Vision and Pattern Recognition,https://openalex.org/subfields/1707,Image Retrieval and Classification Techniques,https://openalex.org/T10824,20,23,34,37,44,36,36,57,47,62,54,51,65,75,81,102,113,147,173,182,187,230,277,303,331,387,539,522,630,747,747,909,2272,1860,1666,1969,2055,2161,2240,2363,2503,2285,2383,2327,2250,2033,1921,1669,1509,1494,1135,987,806,825,1275
Computer Vision and Pattern Recognition,https://openalex.org/subfields/1707,Medical Image Segmentation Techniques,https://openalex.org/T10052,17,18,19,28,16,22,30,37,35,47,53,61,72,97,100,89,99,143,164,188,257,297,453,358,473,448,588,542,587,560,569,655,2116,1446,1210,1800,1746,1879,1950,2055,2229,2188,2043,2173,2059,1840,1663,1540,1366,1304,1079,1025,873,885,1518
Computer Vision and Pattern Recognition,https://openalex.org/subfields/1707,Multimodal Machine Learning Applications,https://openalex.org/T11714,1,0,0,1,0,1,1,0,1,1,2,4,1,0,3,1,2,2,4,2,0,0,3,3,3,7,8,9,6,3,7,5,15,20,19,11,16,23,39,31,38,60,51,98,90,177,317,507,783,1215,1305,1916,2029,2814,2283
Computer Vision and Pattern Recognition,https://openalex.org/subfields/1707,Music Technology and Sound Studies,https://openalex.org/T11349,307,341,297,314,303,332,323,338,398,540,548,474,525,486,503,543,492,547,591,565,612,714,630,705,720,708,845,719,772,881,835,1003,1148,1153,1294,1461,1480,1720,1676,1862,2107,2126,2146,2290,2288,2282,2652,2086,1929,1822,1697,1335,927,1133,1266
Computer Vision and Pattern Recognition,https://openalex.org/subfields/1707,Optical measurement and interference techniques,https://openalex.org/T10638,162,166,147,175,214,248,229,205,242,268,235,236,264,303,287,341,388,433,443,451,556,582,553,614,692,633,740,720,744,800,738,793,1268,1217,1160,1374,1504,1376,1449,1526,1690,1768,1709,1829,1790,1892,1766,1694,1708,1951,1636,1718,1660,1815,1832
Computer Vision and Pattern Recognition,https://openalex.org/subfields/1707,Robotic Path Planning Algorithms,https://openalex.org/T10586,45,30,26,30,19,38,28,27,30,36,27,49,53,66,102,140,220,234,285,308,347,386,397,455,475,487,505,477,586,571,650,711,2855,1658,1612,1966,2080,1892,2131,2313,2498,2637,2792,2856,2776,2640,2659,2880,3325,3645,3632,4029,4136,4759,6114
Computer Vision and Pattern Recognition,https://openalex.org/subfields/1707,Video Analysis and Summarization,https://openalex.org/T11439,22,10,21,14,18,12,11,14,7,18,22,13,23,28,20,22,34,19,41,33,43,48,68,73,104,168,192,236,299,327,445,685,1240,1255,1107,1360,1324,1498,1450,1435,1550,1428,1324,1263,1235,1197,1043,958,933,985,957,909,830,866,1184
Computer Vision and Pattern Recognition,https://openalex.org/subfields/1707,Video Surveillance and Tracking Methods,https://openalex.org/T10331,4,1,3,3,1,3,3,3,3,1,4,5,2,5,5,5,3,4,7,19,19,22,23,34,48,41,64,68,79,78,99,139,455,515,687,859,1182,1352,1638,1878,2068,2168,2328,2560,2782,2776,2703,2935,3130,3646,3485,3889,3970,3971,3495
Computer Vision and Pattern Recognition,https://openalex.org/subfields/1707,Visual Attention and Saliency Detection,https://openalex.org/T11605,4,2,4,9,2,4,5,4,7,4,3,6,10,5,6,4,8,7,6,4,20,13,23,20,20,24,23,23,32,41,36,46,85,84,127,192,198,198,264,398,626,577,646,766,859,972,948,994,961,1094,1022,1014,1093,1168,999
Hardware and Architecture,https://openalex.org/subfields/1708,Cloud Computing and Remote Desktop Technologies,https://openalex.org/T14067,1,2,5,2,3,5,5,1,3,4,2,4,6,3,13,12,12,18,39,39,64,40,56,55,45,50,37,46,60,72,91,134,212,194,163,244,260,264,269,303,373,344,347,347,321,238,205,149,152,149,120,83,76,72,132
Hardware and Architecture,https://openalex.org/subfields/1708,Embedded Systems Design Techniques,https://openalex.org/T10904,116,108,110,136,155,216,238,340,336,443,404,441,592,557,473,533,618,616,631,585,604,594,686,682,733,752,824,772,804,850,901,929,3832,2458,1943,2483,2365,2166,2146,2139,2053,1963,1873,1801,1653,1529,1423,1267,1125,1050,924,779,568,635,1148
Hardware and Architecture,https://openalex.org/subfields/1708,Energy Efficiency in Computing,https://openalex.org/T14098,1,2,0,2,1,1,1,0,0,2,0,0,0,1,1,2,1,2,0,4,0,1,3,1,5,1,3,2,3,5,10,22,29,21,30,41,45,55,66,62,80,77,93,66,54,63,56,46,41,30,24,28,16,21,24
Hardware and Architecture,https://openalex.org/subfields/1708,Network Packet Processing and Optimization,https://openalex.org/T12326,5,3,4,4,7,3,9,4,10,4,6,10,15,12,10,14,14,17,21,24,27,32,30,37,35,39,58,54,75,84,115,190,401,425,438,549,638,580,643,744,668,576,538,570,489,435,415,332,405,323,255,212,218,233,254
Hardware and Architecture,https://openalex.org/subfields/1708,Parallel Computing and Optimization Techniques,https://openalex.org/T10054,171,200,210,300,270,305,395,370,396,448,484,452,690,663,640,660,821,1012,1168,1111,1179,1231,1352,1458,1550,1449,1419,1417,1486,1488,1504,1518,5543,3389,2609,3057,2771,2724,2827,3222,3432,3875,4017,3952,4008,3923,3725,3305,3140,2803,2402,2238,1884,1866,2044
Hardware and Architecture,https://openalex.org/subfields/1708,Physical Unclonable Functions (PUFs) and Hardware Security,https://openalex.org/T12122,4,1,3,5,1,1,4,4,7,4,3,2,4,6,8,10,15,5,9,5,8,6,10,5,10,11,12,10,13,12,18,28,56,38,49,72,89,101,145,169,227,233,291,400,487,515,675,770,895,975,974,971,1015,1079,977
Hardware and Architecture,https://openalex.org/subfields/1708,Real-Time Systems Scheduling,https://openalex.org/T10933,15,23,37,34,29,49,53,50,48,67,77,59,71,89,87,100,135,174,181,206,241,252,333,341,357,331,376,437,398,474,520,502,2275,1380,1092,1138,1326,1153,1163,1218,1294,1281,1243,1232,1271,1139,1020,951,872,790,700,599,481,501,482
Hardware and Architecture,https://openalex.org/subfields/1708,VLSI and Analog Circuit Testing,https://openalex.org/T11032,69,70,89,63,97,110,116,117,153,173,150,206,238,269,319,325,382,358,392,403,472,572,534,555,527,585,563,578,572,552,607,571,4844,2718,1321,1852,1581,1470,1447,1327,1371,1281,1116,1088,1124,1043,999,849,810,742,623,551,471,545,884
Human-Computer Interaction,https://openalex.org/subfields/1709,Digital Communication and Language,https://openalex.org/T13155,24,18,15,26,17,29,29,22,25,26,27,34,36,38,36,35,49,51,41,47,59,55,63,62,70,92,102,122,148,159,210,260,336,397,393,482,567,615,673,800,954,949,1088,1020,1071,1217,1185,1217,1344,1390,1394,1197,979,1099,1252
Human-Computer Interaction,https://openalex.org/subfields/1709,Gaze Tracking and Assistive Technology,https://openalex.org/T11707,32,31,26,37,24,37,29,41,35,44,37,50,43,49,45,59,46,59,62,74,60,59,75,95,78,106,105,106,112,119,190,180,468,400,430,505,592,578,706,750,906,926,1031,1077,1163,1234,1269,1244,1330,1334,1184,1158,1053,1178,1295
Human-Computer Interaction,https://openalex.org/subfields/1709,Hand Gesture Recognition Systems,https://openalex.org/T11398,17,15,7,13,15,18,12,22,16,21,23,23,21,22,27,34,37,32,43,49,54,51,59,67,86,96,116,118,130,134,165,174,477,404,371,445,590,528,615,668,796,933,1126,1327,1382,1430,1477,1462,1563,1695,1720,1793,1967,2394,2772
Human-Computer Interaction,https://openalex.org/subfields/1709,Innovative Human-Technology Interaction,https://openalex.org/T10803,6,2,0,1,3,1,4,3,4,5,1,5,3,5,4,7,8,5,12,11,8,15,19,9,15,19,24,22,26,45,89,70,155,185,237,325,389,484,644,695,875,888,977,1159,1343,1427,1468,1314,1448,1466,1346,1291,1312,1244,1246
Human-Computer Interaction,https://openalex.org/subfields/1709,Interactive and Immersive Displays,https://openalex.org/T10789,21,38,28,41,36,53,37,30,29,25,45,45,56,52,52,55,73,59,68,66,77,64,90,101,79,106,137,155,184,242,241,302,498,530,597,640,775,794,822,953,1095,990,1113,1189,1147,1045,1020,822,802,734,558,485,451,435,517
Human-Computer Interaction,https://openalex.org/subfields/1709,Persona Design and Applications,https://openalex.org/T14074,1,3,4,4,4,4,1,5,6,4,3,8,4,3,8,6,14,8,9,18,15,16,22,22,24,25,21,34,29,36,40,54,64,103,97,125,126,155,202,201,248,234,253,270,272,299,305,289,318,320,331,321,279,317,443
Human-Computer Interaction,https://openalex.org/subfields/1709,Usability and User Interface Design,https://openalex.org/T10470,11,4,5,9,14,9,15,12,17,23,27,41,56,54,51,65,124,100,161,259,268,306,316,359,357,373,359,394,376,517,485,520,945,751,631,714,702,621,668,687,607,670,652,638,589,553,459,389,344,326,247,169,139,147,165
Human-Computer Interaction,https://openalex.org/subfields/1709,Virtual Reality Applications and Impacts,https://openalex.org/T10648,43,16,19,20,19,11,28,26,21,16,22,15,26,33,27,36,35,42,35,35,38,60,76,96,111,114,129,143,181,212,242,252,359,362,379,439,475,454,560,731,796,801,863,852,878,957,1177,1479,1774,2222,2448,2626,3103,3867,3907
Information Systems,https://openalex.org/subfields/1710,Advanced Computational Techniques in Science and Engineering,https://openalex.org/T13608,34,31,27,26,29,43,41,37,33,41,31,44,37,38,39,36,38,49,51,41,44,47,35,45,41,42,51,41,55,67,75,57,77,82,83,80,106,120,132,144,139,159,195,225,248,242,239,244,318,405,450,541,412,380,226
Information Systems,https://openalex.org/subfields/1710,Advanced Decision-Making Techniques,https://openalex.org/T13832,6,8,8,13,4,5,8,5,10,4,22,13,10,11,6,13,20,20,29,20,32,31,37,46,53,49,64,69,85,299,767,1139,1512,1859,2191,2682,3095,3503,3782,3966,4099,3847,3313,2875,2155,1432,708,548,549,591,521,498,478,492,1115
Information Systems,https://openalex.org/subfields/1710,Advanced Technology in Applications,https://openalex.org/T14155,1,2,1,1,0,0,1,0,0,1,0,2,1,3,2,0,0,0,0,2,3,5,4,4,5,2,5,0,4,9,12,20,25,28,38,44,41,65,55,80,80,90,56,53,100,75,51,63,81,99,151,206,226,216,227
Information Systems,https://openalex.org/subfields/1710,AI and Big Data Applications,https://openalex.org/T13647,0,0,0,0,0,0,0,0,1,1,0,1,0,0,0,0,0,0,0,2,0,0,1,0,0,0,0,0,0,0,4,2,4,5,4,9,8,2,11,10,17,15,30,24,33,28,26,31,56,112,268,481,562,462,258
Information Systems,https://openalex.org/subfields/1710,Artificial Intelligence and Decision Support Systems,https://openalex.org/T14174,0,0,0,0,0,0,0,2,0,1,0,1,0,0,1,1,1,1,0,1,1,0,5,4,5,3,1,1,0,1,2,5,11,15,9,19,19,24,25,20,17,29,32,53,39,38,49,37,57,60,60,59,90,114,56
Information Systems,https://openalex.org/subfields/1710,Artificial Intelligence in Education,https://openalex.org/T14414,10,10,2,6,7,7,6,13,6,7,9,12,9,9,7,12,14,14,16,7,13,8,12,10,12,8,7,11,11,15,20,18,12,12,23,23,21,15,33,36,49,44,58,80,81,105,110,152,168,185,274,283,215,272,282
Information Systems,https://openalex.org/subfields/1710,Big Data and Digital Economy,https://openalex.org/T14347,0,0,0,1,1,0,0,0,1,3,0,1,2,4,1,2,3,6,1,2,3,4,4,1,4,3,1,3,3,2,5,4,6,2,12,7,13,9,8,18,10,24,35,52,44,79,80,90,78,93,86,122,110,92,125
Information Systems,https://openalex.org/subfields/1710,Bioethics and Human Rights Issues,https://openalex.org/T14307,14,1,2,5,3,9,3,3,6,7,3,8,9,15,13,4,13,11,13,15,21,17,24,16,25,19,29,37,37,52,69,54,68,106,140,134,138,154,178,182,183,195,164,216,247,232,225,236,245,230,146,84,36,34,37
Information Systems,https://openalex.org/subfields/1710,Blockchain Technology Applications and Security,https://openalex.org/T10270,3,4,0,1,1,1,4,8,3,4,5,7,3,9,5,9,6,2,11,7,10,10,7,13,12,11,17,24,22,17,36,26,48,35,46,45,64,50,67,83,97,110,172,251,461,560,750,1698,4040,6053,7027,8143,8823,10338,9202
Information Systems,https://openalex.org/subfields/1710,Blockchain Technology in Education and Learning,https://openalex.org/T13913,31,6,3,1,0,1,0,3,0,1,1,3,4,5,0,4,4,3,5,10,8,7,8,5,11,4,11,18,18,24,33,38,50,62,88,123,142,165,280,398,558,695,959,1253,1387,1962,2323,3019,3525,4430,5167,5886,5719,6060,3771
Information Systems,https://openalex.org/subfields/1710,Chemical and Environmental Engineering Research,https://openalex.org/T14215,45,48,36,36,33,35,59,67,49,57,82,88,69,72,108,103,83,92,88,111,125,125,139,144,111,132,139,144,129,130,176,183,168,227,197,244,235,258,211,275,278,341,262,333,303,250,224,208,238,185,141,100,32,44,72
Information Systems,https://openalex.org/subfields/1710,Cloud Computing and Resource Management,https://openalex.org/T10101,25,24,29,27,33,50,49,41,46,36,45,36,46,73,84,62,101,82,82,81,86,88,100,137,129,159,152,158,155,179,212,198,337,308,337,471,542,549,762,1209,2130,3172,4224,5250,5586,5531,5408,5042,5033,4540,3850,3519,3092,3293,3532
Information Systems,https://openalex.org/subfields/1710,Cloud Data Security Solutions,https://openalex.org/T11614,4,1,1,1,5,3,2,4,3,2,3,4,0,3,4,3,6,12,7,9,11,6,9,16,14,9,22,11,15,20,15,25,36,55,59,85,88,106,114,178,382,660,1082,1438,1643,1735,1612,1631,1624,1449,1225,1108,979,1064,1173
Information Systems,https://openalex.org/subfields/1710,COVID-19 Digital Contact Tracing,https://openalex.org/T12943,2,1,1,0,1,1,1,0,0,1,0,2,5,1,2,2,3,2,1,1,2,3,1,0,0,1,4,1,3,3,1,3,1,3,6,6,8,4,9,8,7,7,13,15,18,22,25,34,44,50,1313,1183,635,380,215
Information Systems,https://openalex.org/subfields/1710,Cryptography and Residue Arithmetic,https://openalex.org/T11693,13,10,12,14,14,12,8,10,14,12,12,15,19,22,26,24,35,42,37,41,41,67,37,74,59,50,43,64,84,96,115,115,377,313,337,416,483,464,480,471,554,490,539,508,518,433,435,379,402,399,399,383,337,332,278
Information Systems,https://openalex.org/subfields/1710,Cybercrime and Law Enforcement Studies,https://openalex.org/T12519,16,10,10,17,13,28,22,17,23,21,37,33,39,41,48,41,50,76,71,52,54,80,90,83,95,142,117,149,139,171,210,253,224,307,329,396,400,432,477,524,628,592,648,783,764,950,976,1026,1128,1118,1264,1111,932,1133,1457
Information Systems,https://openalex.org/subfields/1710,Data Mining Algorithms and Applications,https://openalex.org/T10538,42,28,24,27,34,40,36,55,54,50,60,49,52,67,74,73,98,126,125,140,137,156,155,197,222,258,380,434,454,558,687,728,1305,1387,1495,1820,1923,2145,2329,2448,2494,2513,2509,2516,2574,2430,2240,2032,2022,1797,1449,1295,894,885,1063
Information Systems,https://openalex.org/subfields/1710,Data Mining and Machine Learning Applications,https://openalex.org/T13373,7,0,0,1,3,1,0,0,1,1,3,5,2,3,1,2,3,5,6,3,7,5,5,8,7,9,7,12,5,16,20,18,22,24,47,58,116,133,203,330,346,386,482,679,798,1180,1462,1911,2345,3325,3751,4145,4486,5204,4854
Information Systems,https://openalex.org/subfields/1710,Digital and Cyber Forensics,https://openalex.org/T12034,20,22,9,20,29,24,29,21,22,21,24,26,20,29,28,38,37,43,35,41,47,36,32,43,53,76,62,85,70,90,115,134,216,283,331,396,511,570,624,667,703,807,811,875,957,1001,904,887,887,966,932,808,771,827,1052
Information Systems,https://openalex.org/subfields/1710,Digital Education and Society,https://openalex.org/T13081,5,0,1,1,1,1,2,0,4,1,3,2,2,2,2,1,2,1,3,5,1,2,3,3,0,1,0,3,1,5,10,14,23,28,28,35,27,28,35,33,33,31,26,36,47,35,49,49,75,130,194,231,208,191,230
Information Systems,https://openalex.org/subfields/1710,Digital literacy in education,https://openalex.org/T12338,31,23,23,16,16,28,17,21,13,11,13,20,26,22,35,23,31,21,25,26,34,31,35,44,43,52,44,65,81,75,129,123,128,145,140,171,195,228,249,287,428,497,541,574,634,731,897,913,1008,1220,1391,1254,1157,1464,1921
Information Systems,https://openalex.org/subfields/1710,Digital Rights Management and Security,https://openalex.org/T13999,20,17,15,17,21,21,14,26,23,21,30,40,39,53,48,55,78,84,73,82,73,84,106,104,113,139,169,243,211,222,340,397,544,624,732,790,994,1002,971,1046,950,920,812,713,650,623,589,465,448,428,326,261,166,182,408
Information Systems,https://openalex.org/subfields/1710,Diverse Research and Applications,https://openalex.org/T14431,14,15,25,13,16,16,25,19,22,19,19,26,25,26,28,21,25,19,27,26,36,42,25,36,51,62,58,52,72,58,85,71,115,99,107,128,119,118,107,128,125,177,155,140,166,159,137,87,91,88,66,44,22,36,35
Information Systems,https://openalex.org/subfields/1710,Economic Growth and Development,https://openalex.org/T13867,57,38,57,31,47,46,53,43,63,44,44,49,41,55,62,55,60,74,89,95,84,109,86,97,106,120,111,117,134,159,184,200,201,210,272,310,356,383,496,533,627,774,859,1017,1163,1250,1403,1627,1615,1766,1925,1745,1541,1823,2283
Information Systems,https://openalex.org/subfields/1710,Education and Learning Interventions,https://openalex.org/T13565,128,106,113,123,108,120,107,134,119,146,132,104,145,124,153,131,124,132,165,142,173,165,196,178,182,211,231,261,345,392,475,532,910,1081,1412,1490,1643,1899,2156,2372,2769,3107,3149,3467,3831,4252,4415,4693,5075,5156,5604,4722,4162,3976,5939
Information Systems,https://openalex.org/subfields/1710,Education Technology and Economics,https://openalex.org/T13932,0,1,0,0,0,0,0,1,0,0,0,0,0,1,0,0,1,1,0,0,0,0,1,0,0,1,2,6,7,8,26,28,28,31,42,44,41,50,60,41,41,43,36,43,38,34,22,19,15,12,18,21,14,12,11
Information Systems,https://openalex.org/subfields/1710,Educational and Technological Research,https://openalex.org/T13676,0,0,1,0,1,1,0,0,0,0,0,1,2,2,0,4,1,1,0,4,2,0,1,2,1,0,2,2,2,1,4,4,1,5,5,5,4,9,8,10,7,18,14,18,17,19,26,34,52,61,71,91,86,87,80
Information Systems,https://openalex.org/subfields/1710,Educational Challenges and Innovations,https://openalex.org/T14403,117,114,110,105,112,114,97,112,90,89,84,95,76,85,75,80,84,90,96,95,80,89,117,118,145,140,164,147,155,200,215,241,268,271,252,310,370,428,442,517,515,572,642,630,668,760,723,716,683,707,710,585,430,481,548
Information Systems,https://openalex.org/subfields/1710,Educational Innovations and Challenges,https://openalex.org/T12408,123,50,46,59,57,66,52,65,56,44,61,53,37,42,34,34,44,55,42,42,45,55,46,42,70,60,68,95,90,77,136,150,173,237,198,266,303,402,567,908,1136,1372,1582,2032,2521,3195,2881,3079,3722,5156,7235,7883,6981,6403,5776
Information Systems,https://openalex.org/subfields/1710,Educational Innovations and Technology,https://openalex.org/T12395,82,10,10,3,16,8,14,9,9,10,16,22,21,27,24,28,39,38,40,51,52,38,52,68,68,68,110,106,154,163,180,194,214,263,282,373,462,433,512,630,840,997,1081,1376,1652,2214,2436,2699,3029,3160,5737,6593,4686,4468,3004
Information Systems,https://openalex.org/subfields/1710,Educational Management and Quality,https://openalex.org/T14103,6,8,6,12,2,7,4,4,4,5,7,6,4,3,8,6,4,6,3,8,6,9,7,7,5,5,14,6,11,11,9,7,16,14,14,18,11,30,16,26,28,46,61,73,85,81,68,48,55,58,62,50,30,43,35
Information Systems,https://openalex.org/subfields/1710,Educational Methods and Media Use,https://openalex.org/T13602,199,69,84,81,87,108,107,108,92,110,100,117,114,109,134,138,113,121,182,173,183,129,137,152,164,167,175,195,184,202,232,238,330,326,382,471,585,748,1052,2186,3176,4341,5176,8530,9848,11177,12553,14553,15400,18088,18912,20970,21875,24906,21482
Information Systems,https://openalex.org/subfields/1710,Educational Methods and Teacher Development,https://openalex.org/T13386,91,49,42,44,47,40,37,38,50,42,43,27,48,32,40,28,33,37,43,40,37,38,47,25,25,32,46,31,45,36,63,72,112,137,127,195,290,497,685,1191,1345,1748,2062,2467,2898,3128,2234,1868,2509,3383,4034,4278,3364,3102,3083
Information Systems,https://openalex.org/subfields/1710,Educational Methods and Technology,https://openalex.org/T13873,2,2,1,2,3,1,5,0,1,4,2,2,3,3,2,4,1,2,3,5,3,2,4,3,7,2,6,6,9,9,10,9,24,16,25,24,27,38,29,36,53,55,52,58,77,80,104,103,148,147,191,192,135,159,134
Information Systems,https://openalex.org/subfields/1710,Educational Systems and Policies,https://openalex.org/T14409,49,51,55,55,58,67,46,55,72,69,61,100,68,87,64,80,101,90,112,114,111,107,138,108,136,164,162,225,286,322,527,617,1033,1345,1695,1819,2029,2512,2801,2959,3348,3816,3922,4119,4417,4634,4674,4543,4720,4362,4934,3530,2731,2772,2786
Information Systems,https://openalex.org/subfields/1710,Educational Technology and Assessment,https://openalex.org/T14025,109,90,73,107,95,112,125,104,102,102,118,114,117,120,131,161,152,153,170,176,192,182,156,184,159,199,186,229,248,413,859,1297,1673,1953,2134,2407,2722,3144,3288,3559,3958,4083,3231,2816,2127,1855,1357,1311,1320,1304,1255,1089,983,1164,1903
Information Systems,https://openalex.org/subfields/1710,Educational Technology and E-Learning,https://openalex.org/T14496,1,0,0,0,0,0,0,0,0,0,0,0,0,0,0,1,0,0,0,0,0,0,0,0,1,1,1,0,0,1,1,4,3,2,3,7,8,7,10,14,16,17,21,24,41,58,55,54,71,98,138,186,135,137,132
Information Systems,https://openalex.org/subfields/1710,Educational Technology and Optimization,https://openalex.org/T13964,16,7,10,13,18,18,17,13,18,16,19,21,20,15,15,21,31,17,26,29,24,22,21,26,22,23,29,35,34,32,57,47,63,65,70,52,78,65,81,123,125,125,105,140,116,125,141,147,140,198,168,134,109,107,140
Information Systems,https://openalex.org/subfields/1710,Educational Technology in Learning,https://openalex.org/T14498,114,11,21,12,13,20,16,29,20,30,42,39,47,43,45,63,110,98,104,120,107,122,119,159,208,225,356,376,459,491,561,527,628,632,761,787,863,955,995,1141,1364,1496,1575,1541,1510,1688,1599,1559,1424,1429,1367,770,312,331,610
Information Systems,https://openalex.org/subfields/1710,Engineering Education and Technology,https://openalex.org/T13482,16,17,14,16,12,13,15,15,17,15,15,16,11,20,29,30,31,29,19,17,25,21,19,23,15,28,22,25,28,25,27,47,63,62,61,69,85,74,89,111,130,147,189,204,233,292,323,355,498,587,765,809,729,1511,1034
Information Systems,https://openalex.org/subfields/1710,English Language Learning and Teaching,https://openalex.org/T14516,17,4,0,1,4,2,2,1,2,3,4,3,2,3,1,8,5,4,5,1,6,4,2,4,6,8,3,7,12,10,12,26,30,43,44,66,67,85,142,201,230,280,365,573,771,896,1217,1490,1982,2256,2478,2657,2658,2668,1533
Information Systems,https://openalex.org/subfields/1710,Environmental Engineering and Cultural Studies,https://openalex.org/T14387,27,17,18,11,11,17,19,8,18,18,22,19,20,19,18,25,25,28,29,31,17,28,31,33,32,30,31,42,42,42,66,110,116,170,178,220,253,281,358,402,488,525,596,671,712,783,893,1018,1201,1435,1611,1539,1295,1331,803
Information Systems,https://openalex.org/subfields/1710,Expert finding and Q&A systems,https://openalex.org/T13274,0,1,3,4,1,2,5,4,7,5,4,3,2,3,6,8,11,6,8,7,7,10,8,5,10,8,7,12,9,27,25,26,36,37,33,39,79,115,164,174,201,270,266,308,293,327,296,272,274,260,239,281,199,217,212
Information Systems,https://openalex.org/subfields/1710,Healthcare during COVID-19 Pandemic,https://openalex.org/T14071,7,0,1,3,1,2,5,5,3,7,9,17,7,5,9,16,11,13,14,17,16,19,10,17,16,30,30,21,39,42,50,57,72,70,66,78,121,106,144,200,205,206,408,446,501,641,896,916,1127,1177,3008,2986,3326,3098,2226
Information Systems,https://openalex.org/subfields/1710,Higher Education and Teaching Methods,https://openalex.org/T14430,70,47,44,46,43,42,41,40,36,28,48,34,40,47,53,59,69,55,56,56,48,57,61,50,70,72,78,97,104,441,2227,4405,5880,7208,7891,8933,9849,11476,12124,12880,13933,14122,10280,8256,5161,3828,974,1029,1045,1002,877,695,589,739,1141
Information Systems,https://openalex.org/subfields/1710,ICT in Developing Communities,https://openalex.org/T13194,19,14,22,18,15,43,30,31,34,37,26,22,28,36,24,49,61,59,61,75,70,79,71,94,81,81,93,99,92,137,143,173,193,212,250,299,374,394,508,591,729,785,965,1039,984,1032,892,848,883,812,763,651,443,493,591
Information Systems,https://openalex.org/subfields/1710,Information and Cyber Security,https://openalex.org/T10734,12,16,24,17,32,31,31,26,38,36,39,45,55,79,59,70,93,104,123,99,120,113,152,164,153,158,213,235,246,310,329,378,581,644,822,907,1058,1010,1139,1318,1337,1418,1531,1597,1808,1955,2127,1958,2054,2342,2251,1978,1760,2027,2628
Information Systems,https://openalex.org/subfields/1710,Information Architecture and Usability,https://openalex.org/T13874,8,6,12,12,11,12,11,14,10,19,27,23,17,21,29,15,34,29,28,42,60,58,65,61,54,61,90,86,103,131,172,195,220,244,254,280,300,331,354,343,399,404,352,374,290,306,265,239,232,163,133,107,49,64,81
Information Systems,https://openalex.org/subfields/1710,Information Retrieval and Data Mining,https://openalex.org/T14435,7,2,0,1,2,0,1,1,3,0,2,0,0,2,1,1,1,3,2,3,2,3,1,2,2,3,6,10,7,9,10,16,22,18,24,35,65,60,89,130,144,206,318,399,480,688,801,1043,1341,1900,2215,2366,2537,2790,1453
Information Systems,https://openalex.org/subfields/1710,Information Retrieval and Search Behavior,https://openalex.org/T10286,24,40,29,36,33,28,36,29,39,44,43,54,44,52,51,52,86,66,87,93,83,103,103,108,110,113,145,151,198,186,206,196,264,241,309,329,393,446,424,438,515,479,529,466,397,339,375,318,281,257,188,174,155,119,95
Information Systems,https://openalex.org/subfields/1710,Information Science and Libraries,https://openalex.org/T13166,25,10,17,51,33,24,35,32,43,29,33,49,36,33,51,98,63,64,68,51,83,59,80,59,107,92,132,131,179,150,212,179,213,246,325,362,484,622,644,812,738,885,1073,1466,1278,1393,1693,2085,3494,1687,1212,945,596,741,787
Information Systems,https://openalex.org/subfields/1710,Information Systems Education and Curriculum Development,https://openalex.org/T13034,45,28,48,71,61,87,59,61,65,55,61,62,83,59,79,93,113,106,103,95,111,109,99,124,109,124,150,138,181,219,254,250,303,301,315,356,353,320,318,326,358,291,292,292,241,283,288,171,227,196,215,104,80,76,137
Information Systems,https://openalex.org/subfields/1710,Innovations in Education and Learning Technologies,https://openalex.org/T14519,1,1,5,2,2,2,2,1,2,1,2,2,3,2,0,1,1,1,1,3,0,0,0,2,2,2,3,1,2,0,11,8,6,15,7,13,22,17,14,19,30,29,39,22,61,81,76,67,98,174,259,331,263,248,223
Information Systems,https://openalex.org/subfields/1710,Innovative Educational Technologies,https://openalex.org/T13016,119,36,47,45,37,38,47,23,23,13,29,25,22,30,30,23,41,34,42,25,39,26,43,47,36,40,33,61,66,82,95,102,110,157,161,132,179,296,420,716,886,1050,1213,1367,1533,1435,1274,1131,1247,1751,2123,2132,1865,1871,1340
Information Systems,https://openalex.org/subfields/1710,Internet of Things and AI,https://openalex.org/T13038,0,2,2,0,2,0,2,1,2,0,0,2,0,4,1,1,1,2,5,2,4,2,3,3,1,6,5,2,3,0,3,3,9,4,2,8,10,9,14,21,23,21,33,37,55,70,90,147,321,364,338,335,457,495,493
Information Systems,https://openalex.org/subfields/1710,Library Collection Development and Digital Resources,https://openalex.org/T11813,107,113,95,117,121,172,128,160,176,165,182,222,228,277,309,305,316,356,434,456,464,498,490,489,516,536,624,608,577,581,683,730,831,775,758,931,878,961,1103,1321,1376,1587,1787,1616,1622,1557,1519,1322,1178,1029,998,462,226,221,256
Information Systems,https://openalex.org/subfields/1710,Library Science and Information,https://openalex.org/T13673,27,10,15,23,20,17,18,20,30,18,21,30,17,24,15,27,18,24,27,27,30,36,21,20,30,47,30,37,35,35,56,74,103,80,102,89,98,141,167,350,425,510,571,599,693,764,722,764,801,940,1115,1029,1000,954,801
Information Systems,https://openalex.org/subfields/1710,Library Science and Information Systems,https://openalex.org/T14330,126,106,129,107,123,149,149,164,170,186,193,198,197,225,212,247,286,289,321,287,336,319,337,374,386,349,396,456,460,507,641,674,680,719,774,744,766,856,857,1157,1105,1121,1357,1358,1273,1330,1332,1309,1212,1045,883,549,281,207,385
Information Systems,https://openalex.org/subfields/1710,Mobile and Web Applications,https://openalex.org/T12799,11,8,6,7,6,10,12,15,25,8,11,14,16,24,28,23,31,29,28,25,33,45,31,36,42,50,58,71,68,87,110,139,185,228,286,331,382,436,506,639,819,1019,1221,1379,1280,1245,1064,989,1024,967,929,644,530,577,578
Information Systems,https://openalex.org/subfields/1710,Mobile Learning in Education,https://openalex.org/T11370,46,38,32,26,31,23,25,31,29,32,43,26,49,47,66,64,66,46,44,59,78,81,77,73,87,97,111,123,121,160,175,216,265,355,384,479,631,686,815,947,1260,1454,1813,1949,2004,2116,1953,1924,1975,1969,2051,1668,1205,1320,1727
Information Systems,https://openalex.org/subfields/1710,Multimedia Learning Systems,https://openalex.org/T14216,16,3,0,3,0,0,3,0,4,5,0,2,7,7,5,12,4,4,5,5,7,8,14,15,11,9,21,11,16,23,41,35,61,49,64,98,146,185,316,355,524,677,830,1209,1424,1690,1997,2661,2930,3697,3653,3998,3440,3851,2992
Information Systems,https://openalex.org/subfields/1710,QR Code Applications and Technologies,https://openalex.org/T13270,8,4,6,7,14,6,10,4,3,9,8,12,2,13,18,14,17,17,16,24,25,30,23,19,28,33,25,26,37,27,31,42,70,93,89,96,122,128,169,205,262,291,393,392,368,350,318,341,353,418,342,335,259,300,332
Information Systems,https://openalex.org/subfields/1710,Recommender Systems and Techniques,https://openalex.org/T10203,5,1,2,0,1,1,2,1,5,4,4,2,5,9,11,8,7,6,11,11,14,7,8,20,19,32,34,46,67,99,124,154,212,265,306,387,457,626,729,931,1129,1259,1396,1600,1762,1797,1934,2145,2098,2378,2373,2609,2868,3117,2991
Information Systems,https://openalex.org/subfields/1710,Research Data Management Practices,https://openalex.org/T11937,56,38,44,24,49,43,46,49,52,57,54,60,56,55,59,64,73,80,80,93,99,117,131,88,124,124,145,140,176,199,170,226,271,347,346,407,462,552,646,788,838,893,1099,1351,1421,1566,1686,1723,1700,1802,1681,1189,903,944,935
Information Systems,https://openalex.org/subfields/1710,Scientific Research and Philosophical Inquiry,https://openalex.org/T14345,94,76,78,102,91,95,95,97,89,85,84,87,90,72,74,89,98,94,81,89,112,90,105,85,112,103,131,135,144,131,173,202,207,235,252,267,305,353,421,612,673,829,948,1185,1247,1312,1177,1094,1384,1553,1763,1666,1505,1421,1380
Information Systems,https://openalex.org/subfields/1710,Service-Oriented Architecture and Web Services,https://openalex.org/T10679,37,42,27,42,43,55,55,53,64,75,95,77,109,144,172,159,228,234,243,277,267,305,334,425,433,497,582,635,626,774,1061,1198,2588,2669,3445,4004,5050,5415,6020,6048,6104,5209,4671,3865,3451,2659,2214,1883,1556,1351,1128,789,588,543,844
Information Systems,https://openalex.org/subfields/1710,Software Engineering Research,https://openalex.org/T10260,61,27,34,33,38,55,68,95,91,115,103,147,182,193,219,230,266,298,347,352,434,357,512,439,498,459,542,542,531,547,596,559,2164,1520,1366,1532,1617,1769,1774,1818,2059,2138,2592,2573,2536,2692,2497,2568,2654,2747,2739,2853,2828,3003,2218
Information Systems,https://openalex.org/subfields/1710,Software Engineering Techniques and Practices,https://openalex.org/T10430,122,25,41,54,40,71,84,92,108,130,100,124,151,154,180,189,206,243,204,277,259,281,336,387,450,458,576,572,558,674,607,667,1560,1283,1269,1545,1541,1581,1615,1670,1740,1742,1972,1920,1971,2009,1901,1904,1911,1791,1813,1397,1227,1285,1397
Information Systems,https://openalex.org/subfields/1710,Spam and Phishing Detection,https://openalex.org/T11644,3,1,2,1,3,3,0,1,3,6,2,2,1,2,1,2,7,3,1,4,3,2,4,8,1,9,16,27,24,20,39,27,53,114,220,305,393,468,526,510,577,614,755,844,871,930,1049,1134,1219,1404,1334,1449,1326,1628,1859
Information Systems,https://openalex.org/subfields/1710,Technology and Data Analysis,https://openalex.org/T14484,29,20,55,24,36,31,29,28,33,34,40,54,38,52,51,56,80,98,99,81,100,128,133,157,150,185,208,264,294,310,335,377,531,613,801,934,1080,1196,1294,1437,1374,1591,1731,1841,1964,2246,2399,2537,2781,2613,2721,2023,1607,1820,2682
Information Systems,https://openalex.org/subfields/1710,Technology and Security Systems,https://openalex.org/T14042,3,5,1,3,4,3,1,3,6,3,4,3,5,1,6,10,5,8,7,6,9,7,10,10,9,10,18,18,14,85,311,512,680,905,1043,1296,1600,1843,1942,2112,2176,2375,2056,1813,1230,880,269,279,271,331,492,318,321,317,557
Information Systems,https://openalex.org/subfields/1710,Thoreau and American Literature,https://openalex.org/T14029,10,17,17,16,15,24,16,13,33,21,10,12,13,14,27,27,18,20,18,19,34,23,22,29,22,20,29,27,29,25,31,31,55,54,50,58,44,51,69,63,53,72,67,79,59,58,93,63,70,63,55,47,52,32,25
Information Systems,https://openalex.org/subfields/1710,User Authentication and Security Systems,https://openalex.org/T11800,3,0,2,3,5,1,4,7,2,4,3,5,7,8,14,13,15,17,15,25,25,24,32,23,37,39,38,41,43,48,60,82,157,153,251,297,359,405,542,547,619,735,738,908,1062,1127,1204,1172,1177,1161,1048,971,948,892,918
Information Systems,https://openalex.org/subfields/1710,Web and Library Services,https://openalex.org/T12863,76,80,79,71,91,116,101,94,110,110,115,128,147,153,192,184,198,195,191,199,203,229,223,328,367,441,590,642,634,647,872,1124,1255,1304,1443,1736,2040,2289,2713,2998,3211,3388,3094,3046,2902,2676,2573,2423,2354,1878,2391,932,397,379,417
Information Systems,https://openalex.org/subfields/1710,Web Application Security Vulnerabilities,https://openalex.org/T12479,0,1,3,3,2,2,16,3,1,1,2,1,3,5,0,1,1,0,2,3,2,4,1,1,2,2,4,11,6,5,16,8,31,26,41,63,94,131,146,203,279,278,356,330,369,326,327,294,305,296,309,309,274,303,286
Information Systems,https://openalex.org/subfields/1710,Web Applications and Data Management,https://openalex.org/T12601,20,10,11,11,16,13,14,7,13,17,8,16,14,24,25,19,35,29,21,24,31,31,29,52,69,64,106,129,168,187,274,356,526,532,560,630,725,795,734,765,733,662,571,491,403,341,245,229,223,223,140,97,76,97,168
Information Systems,https://openalex.org/subfields/1710,Web Data Mining and Analysis,https://openalex.org/T12016,14,13,8,4,10,13,11,8,11,12,25,22,15,28,18,25,34,48,39,34,37,42,46,68,60,136,202,283,319,413,484,658,1034,1049,1349,1463,1543,1828,2018,2180,2165,2099,2136,2021,1936,1639,1437,1246,1138,1025,880,698,567,559,795
Information Systems,https://openalex.org/subfields/1710,Web visibility and informetrics,https://openalex.org/T13976,8,11,7,7,8,8,6,7,6,14,11,9,8,6,10,17,14,13,10,18,22,11,12,12,27,23,41,51,88,83,143,150,187,223,198,244,252,254,311,306,322,349,333,312,281,237,162,164,152,151,138,109,75,47,68
Signal Processing,https://openalex.org/subfields/1711,Advanced Malware Detection Techniques,https://openalex.org/T11241,16,13,17,13,20,22,22,17,22,29,19,21,31,36,31,38,45,53,76,77,76,60,82,81,56,86,107,89,90,117,129,158,268,309,446,509,624,667,738,892,936,1150,1372,1564,1830,1895,2109,2336,2583,2724,2773,2705,2692,3120,3684
Signal Processing,https://openalex.org/subfields/1711,Biometric Identification and Security,https://openalex.org/T10828,15,6,4,10,5,8,4,5,10,14,8,9,6,8,10,6,12,16,7,16,22,16,31,28,30,33,47,56,73,82,112,159,353,413,555,673,960,1053,1207,1361,1501,1467,1631,1610,1709,1608,1572,1519,1630,1683,1452,1400,1368,1395,1542
Signal Processing,https://openalex.org/subfields/1711,Blind Source Separation Techniques,https://openalex.org/T11447,56,69,60,71,73,69,65,83,80,86,80,91,91,118,101,114,139,137,172,164,225,285,309,318,310,380,469,478,554,643,688,614,3308,2082,1711,2305,2307,2006,2022,1987,1956,1842,1718,1668,1574,1325,1180,1080,1042,1015,911,845,738,712,915
Signal Processing,https://openalex.org/subfields/1711,Data Management and Algorithms,https://openalex.org/T11106,48,55,61,71,61,60,85,87,105,101,109,132,144,150,165,200,217,200,258,280,277,325,354,391,399,403,524,535,561,623,717,713,1557,1294,1344,1589,1656,1752,1921,2111,2233,2201,2234,2137,2192,2177,2074,1942,1822,1755,1380,1330,1000,957,1132
Signal Processing,https://openalex.org/subfields/1711,Digital Filter Design and Implementation,https://openalex.org/T11034,108,119,109,137,127,175,161,189,179,214,229,216,215,235,226,265,263,304,271,337,317,451,371,326,345,356,399,346,378,389,397,313,2256,1343,725,1245,849,709,629,683,685,637,629,668,689,526,524,439,407,368,294,273,250,236,249
Signal Processing,https://openalex.org/subfields/1711,Direction-of-Arrival Estimation Techniques,https://openalex.org/T10931,2,4,8,4,8,6,16,6,9,17,19,22,25,49,17,33,68,55,75,115,128,203,193,181,191,166,180,149,141,169,167,168,1221,677,484,699,642,548,609,597,592,659,661,696,678,648,672,679,702,869,705,727,711,651,383
Signal Processing,https://openalex.org/subfields/1711,Music and Audio Processing,https://openalex.org/T11309,39,38,37,43,34,49,46,40,58,69,70,70,79,72,81,70,105,101,98,119,130,132,154,164,138,144,174,169,214,285,319,383,662,693,847,893,1043,1060,1100,1275,1338,1304,1341,1295,1383,1417,1353,1411,1585,1763,1714,1881,1915,2153,2263
Signal Processing,https://openalex.org/subfields/1711,Speech and Audio Processing,https://openalex.org/T10860,151,158,154,185,191,191,209,203,221,256,238,267,289,256,313,279,293,382,424,427,481,555,597,614,634,597,743,739,751,931,857,855,2982,2062,1876,2479,2692,2386,2730,2582,2987,2803,2956,3082,2914,2833,2877,2601,2789,2777,2676,2599,2576,2957,3397
Signal Processing,https://openalex.org/subfields/1711,Time Series Analysis and Forecasting,https://openalex.org/T12205,37,18,34,38,44,38,36,52,48,47,67,67,65,72,65,72,50,71,59,68,85,94,97,83,106,101,117,124,138,146,176,170,337,325,321,508,473,491,525,558,665,568,703,726,834,919,928,995,1050,1309,1274,1244,1134,1339,1775
Signal Processing,https://openalex.org/subfields/1711,Video Coding and Compression Technologies,https://openalex.org/T10741,5,4,6,5,8,5,4,6,8,11,5,17,6,12,18,21,32,42,64,77,128,123,151,181,192,253,355,330,429,410,373,389,1703,1238,1003,1813,2011,1923,1973,2064,2023,1736,1576,1642,1525,1285,1221,890,819,781,641,523,523,450,348
Software,https://openalex.org/subfields/1712,Engineering and Information Technology,https://openalex.org/T13681,96,53,44,42,43,57,56,78,64,66,83,120,100,121,120,163,168,191,174,169,154,217,229,259,245,293,338,398,377,413,459,538,509,555,616,593,617,738,801,853,845,933,875,990,1040,1156,1119,1098,1011,1013,721,456,158,172,201
Software,https://openalex.org/subfields/1712,Model-Driven Software Engineering Techniques,https://openalex.org/T11450,34,41,40,47,58,68,63,64,61,49,78,77,115,103,110,125,200,166,203,232,245,259,297,295,273,306,322,376,335,418,501,479,947,762,836,896,965,1002,1011,1012,1143,1072,1071,1079,997,1045,874,750,779,674,553,502,334,352,534
Software,https://openalex.org/subfields/1712,Software Reliability and Analysis Research,https://openalex.org/T12423,62,41,50,49,67,101,90,100,131,127,119,143,137,160,170,182,186,224,223,211,269,249,291,289,300,300,277,306,299,344,285,342,1224,734,606,789,828,827,824,905,973,1029,897,971,926,896,766,774,711,728,645,571,510,509,660
Software,https://openalex.org/subfields/1712,Software Testing and Debugging Techniques,https://openalex.org/T10743,37,18,29,38,29,56,61,52,75,72,67,93,97,105,116,137,116,129,163,202,188,226,201,285,283,247,288,274,286,325,405,373,1285,882,841,965,1069,1187,1239,1319,1459,1520,1588,1632,1696,1699,1575,1528,1574,1536,1393,1419,1372,1359,1445
Software,https://openalex.org/subfields/1712,Spreadsheets and End-User Computing,https://openalex.org/T13197,8,11,14,17,13,21,17,28,15,17,19,18,23,22,38,61,82,76,85,96,85,104,88,97,73,87,96,93,89,99,124,96,169,152,158,194,184,180,202,189,202,197,220,207,224,221,220,233,190,144,145,132,95,90,126
